Id,urls,discourse: Climate change,discourse: Environment,discourse: Green growth,discourse: Sustainability,discourse: UN SDGs,area: Arctic,area: Arctic Norway,area: Extended Arctic,area: Faroed Islands,area: Greenland,area: Iceland,area: Nunavut,area: Sami,topic_0,topic_1,topic_2,topic_3,topic_4,topic_5,topic_6,topic_7,topic_8,topic_9,topic_10,topic_11,topic_12,topic_13,topic_14
drhyman,https://drhyman.com/downloads/Impact-of-Hg.pdf ,False,True,False,False,False,False,False,False,True,False,False,False,False,0.0,0.0,0.0,0.0,0.0,0.0,0.0,0.0,0.0,0.0,0.0,0.0,0.0,0.0,0.0
oceaneering,https://www.oceaneering.com/sustainability/environmental-sustainability/ https://www.oceaneering.com/sustainability/ ,False,True,False,True,False,False,False,False,True,False,False,False,False,0.0,0.0,0.0,0.0,0.0,0.0,0.0,0.0,0.0,0.0,0.0,0.0,0.0,0.0,0.0
earthday,https://www.earthday.org/how-our-trash-impacts-the-environment/ https://www.earthday.org/ ,False,True,False,False,True,False,False,False,True,False,False,False,False,0.0003703709413525728,0.6156736399760698,0.00037037102476442026,0.00037037081356194553,0.0003703710581422184,0.11791091136004474,0.00037037123516160344,0.00037037089542554525,0.0003703708868182788,0.21805446120260008,0.0003703714518786192,0.00037037130596551083,0.00037037102767168654,0.0003703708660528759,0.044286905954489794
cowi,https://www.cowi.com/solutions/environment ,False,True,False,False,False,False,False,False,True,False,False,False,False,0.0017543876835595252,0.9754385631808019,0.0017543876550262282,0.0017543876734978242,0.0017543878555227733,0.0017543911943590097,0.0017543876692500157,0.001754387816517694,0.0017543878113447588,0.0017543881053751144,0.001754391171761186,0.0017543886707832733,0.001754388694669439,0.001754387607484079,0.001754387210047133
sheilds,https://www.sheilds.org/nebosh-environmental-certificate/ ,False,True,False,False,False,False,False,False,True,False,False,False,False,0.0003159562291884056,0.5378147718200138,0.0003159562222755526,0.0003159561543570095,0.00031595629438407457,0.00031595673016446307,0.00031595637105457465,0.00031595635126024723,0.0003159561469372278,0.0003159563211143178,0.45807779617214345,0.0003159564869928754,0.00031595618079615723,0.00031595614361004665,0.00031595637570763964
norden,https://www.norden.org/en/environmentprize https://www.norden.org/en/organisation/nordic-council-ministers-environment-and-climate-mr-mk ,False,True,False,False,False,False,False,False,True,False,False,False,False,0.0015873035297990924,0.04006330020321107,0.0015873036819574957,0.0015873029960533724,0.001587304245608059,0.0015873041983372673,0.0015873047162669304,0.0015873036741365784,0.12017803770359413,0.0015873039349080837,0.8207110167969573,0.0015873042058828573,0.001587303373891558,0.001587303225492954,0.001587303513903191
sensirion,https://www.sensirion.com/en/environmental-sensors/ ,False,True,False,False,False,False,False,False,True,False,False,False,False,0.00010928978875591523,0.5634083420834847,0.00010928982854261774,0.00010928974661694136,0.00010928981032096536,0.06548433683533787,0.00010928988444580249,0.0001092897973257759,0.00010928976729610468,0.3308258437295326,0.00010928986845700972,0.00010928981265248963,0.00010928978858082942,0.00010928976930133766,0.03907928948934916
biomedcentral,https://environmentalevidencejournal.biomedcentral.com/articles/10.1186/s13750-019-0152-8 ,False,True,False,False,False,False,False,False,True,False,False,False,False,4.4682814491604374e-05,4.4682874349587974e-05,4.4682820514890654e-05,4.4682803796756175e-05,4.468284891006994e-05,4.468287450228417e-05,4.4682832225108004e-05,4.468280701800539e-05,4.4682813936394104e-05,4.468298964770395e-05,0.9993744402020722,4.4682827977518765e-05,4.468280703124883e-05,4.468281513015842e-05,4.468286839627112e-05
dredgeyard,https://dredgeyard.com/news/dredging-the-environment/ ,False,True,False,False,False,False,False,False,True,False,False,False,False,0.00020080356783403326,0.7615061394302435,0.00020080362036770666,0.00020080348110894556,0.00020080371541733978,0.00020080376447018629,0.07937164472996497,0.0002008034162387074,0.00020080350929056797,0.06266213032050123,0.09425124579109885,0.00020080376421560407,0.00020080352450083517,0.00020080348038735522,0.00020080388435996657
earthshotprize,https://earthshotprize.org/ ,False,True,False,False,False,False,False,False,True,False,False,False,False,0.001550389576294248,0.9782945423905671,0.0015503891040997964,0.001550388843431477,0.0015503888634467737,0.0015503937767344653,0.0015503902189928811,0.0015503907595237239,0.0015503891915402508,0.001550388716548354,0.001550391144306345,0.001550389907037777,0.0015503891813942608,0.0015503891303311405,0.00155038919575098
myamericannurse,https://www.myamericannurse.com/environmental-wellness/ ,False,True,False,False,False,False,False,False,True,False,False,False,False,0.00024067425655284255,0.4600271512868465,0.00024067424885474518,0.00024067419743415162,0.00024067427625170206,0.0002406745650371896,0.00024067446886537965,0.00024067443973658966,0.00024067422870135204,0.17954385273926565,0.357540903907581,0.00024067435342927878,0.000240674302576446,0.0002406742343088332,0.00024067449455838065
europa,https://ec.europa.eu/programmes/horizon2020/en/newsroom/featured-projects/environment-climate-action https://eige.europa.eu/gender-mainstreaming/policy-areas/environment-and-climate-change https://euraxess.ec.europa.eu/ https://ec.europa.eu/info/law/law-topic/data-protection/international-dimension-data-protection/adequacy-decisions_en https://ec.europa.eu/research/infocentre/article_en.cfm?id=/research/headlines/news/article_21_01_25_en.html?infocentre&amp;amp;artid=54065 ,True,True,True,False,False,False,False,False,True,False,False,False,False,2.2454275192519958e-05,0.08394166502073581,2.2454275088326608e-05,2.245427008096224e-05,2.245429901225647e-05,2.2454295749025695e-05,2.245428763058569e-05,2.245428327722953e-05,2.2454276115730048e-05,2.2454284911971666e-05,0.9157664293104846,2.2454282228198476e-05,2.2454273961495737e-05,2.245427364930027e-05,2.2454291881989046e-05
oecd-ilibrary,https://www.oecd-ilibrary.org/environment/environment-at-a-glance/volume-/issue-_4ea7d35f-en https://www.oecd-ilibrary.org/environment https://www.oecd-ilibrary.org/education/education-at-a-glance-2020_69096873-en https://www.oecd-ilibrary.org/environment/towards-green-growth-in-emerging-market-economies_d5e5b5d7-en https://www.oecd-ilibrary.org/environment/why-new-business-models-matter-for-green-growth_5k97gk40v3ln-en ,False,True,True,False,True,False,False,False,True,False,False,False,False,0.00018622003012006192,0.9555046867080327,0.0001862200071272936,0.00018621996078273384,0.0001862203038086248,0.0420744522245846,0.0001862202343677451,0.00018622010667293659,0.00018621999586394334,0.0001862201086580771,0.00018622019436366987,0.00018622003470821795,0.0001862199804637255,0.00018621998553943573,0.00018622012490604285
astutis,https://www.astutis.com/environmental-training-courses/iema-certificate ,False,True,False,False,False,False,False,False,True,False,False,False,False,0.0005376350371018657,0.5626292675201394,0.0005376349243601627,0.0005376348255725848,0.0005376351371138359,0.0005376355626727377,0.0005376349559834984,0.0005376347764694012,0.0005376349263584578,0.0005376350236339169,0.43038147721155534,0.0005376349534232703,0.0005376348732842657,0.0005376348077277408,0.0005376354646037294
perc,https://www.perc.org/1998/05/01/the-common-law-how-it-protects-the-environment/ ,False,True,False,False,False,False,False,False,True,False,False,False,False,3.584233830927931e-05,3.5842398364402345e-05,3.5842342158379734e-05,3.584232863708899e-05,3.584236669051843e-05,3.584238555583682e-05,0.9994982070582868,3.584233440496391e-05,3.5842333798978455e-05,3.584236548366848e-05,3.584236752282034e-05,3.5842352483177086e-05,3.584233368453757e-05,3.584233405118215e-05,3.5842360568356266e-05
ifsecglobal,https://www.ifsecglobal.com/uncategorized/environmental-impact-of-foam/ ,False,True,False,False,False,False,False,False,True,False,False,False,False,0.00016260183998686954,0.18942877319310517,0.8084574019952112,0.00016260179202876293,0.00016260192048936256,0.00016260203415087936,0.0001626019279370632,0.00016260177520519692,0.00016260183010006316,0.00016260211487145824,0.00016260199425792543,0.0001626019288257851,0.0001626018194565597,0.00016260180311444152,0.000162602031259423
polar,https://www.polar.com/en/about_polar/who_we_are/environment ,False,True,False,False,False,False,False,False,True,False,False,False,False,0.000660066682538586,0.9907590632702482,0.0006600667788987338,0.0006600666270925555,0.0006600672200876953,0.000660067207336764,0.0006600669638070103,0.0006600665722664284,0.0006600667204238722,0.0006600668558682712,0.000660067622431701,0.0006600671685604296,0.000660066702428558,0.0006600666291852107,0.0006600669788258709
theguardian,https://www.theguardian.com/environment/datablog/2012/jun/21/world-carbon-emissions-league-table-country ,False,True,False,False,False,False,False,False,True,False,False,False,False,7.908275357537044e-05,7.908277998580198e-05,7.908273806121758e-05,7.908274198303052e-05,7.908277245382847e-05,0.1154200717820041,7.908276007439356e-05,0.060186179368984426,7.908274042715204e-05,0.8234447557149855,7.90828031609017e-05,7.908277917940859e-05,7.908274776918045e-05,7.908274067372034e-05,7.908277668196276e-05
linklaters,https://www.linklaters.com/en/about-us/responsibility/environment http://www.linklaters.com/en/client-services/environment-social-and-governance/environment https://www.linklaters.com/en/insights/thought-leadership/sustainable-finance/the-rise-of-green-loans-and-sustainability-linked-lending ,False,True,False,True,False,False,False,False,True,False,False,False,False,2.6581643462851532e-05,0.9786557801914569,2.658164187237386e-05,2.658164055107629e-05,2.6581681424318954e-05,0.020998658313274004,2.6581665497359506e-05,2.6581639258824117e-05,2.6581645337484482e-05,2.6581673035671105e-05,2.6581673865363546e-05,2.6581646849501058e-05,2.658163934118715e-05,2.658164051536987e-05,2.6581664257488944e-05
elsevier,https://www.elsevier.com/books/water-for-the-environment/horne/978-0-12-803907-6 ,False,True,False,False,False,False,False,False,True,False,False,False,False,0.000125078355410373,0.3524563009552654,0.00012507837752688243,0.00012507831139114213,0.00012507845480884186,0.07927158516205529,0.00012507846704701785,0.00012507845237311012,0.00012507833380653356,0.00012507847588615544,0.5230303049508911,0.00012507841264795193,0.0001250783498104995,0.00012507834053363326,0.04386594660054602
acs,https://cen.acs.org/environment/persistent-pollutants/Linking-pollution-infectious-disease/97/i11 ,False,True,False,False,False,False,False,False,True,False,False,False,False,0.0,0.0,0.0,0.0,0.0,0.0,0.0,0.0,0.0,0.0,0.0,0.0,0.0,0.0,0.0
theconstructor,https://theconstructor.org/structures/environmental-factors-effect-bridge-foundations/18174/ https://theconstructor.org/building/save-environment-with-green-buildings/6998/ https://theconstructor.org/concrete/environmental-impact-concrete/16223/ https://theconstructor.org/construction/top-7-sustainability-issues-construction-industry/39433/ https://theconstructor.org/construction/sustainability-construction-civil-engineering/9492/ ,False,True,False,True,False,False,False,False,True,False,False,False,False,4.32900993507133e-05,0.3689818005020125,4.3290113823594905e-05,4.329009234341663e-05,4.329013385781523e-05,4.329017036675548e-05,4.329012791829536e-05,4.3290104646496405e-05,4.3290098070002654e-05,4.329016803471246e-05,4.3290135526083954e-05,0.6304554279174328,4.329009908737756e-05,4.329009400475445e-05,4.329014352457851e-05
naturegoingsmart,https://naturegoingsmart.com/fish-farming-environment/ ,False,True,False,False,False,False,False,False,True,False,False,False,False,0.0003267979361169332,0.27956030795561754,0.00032679812392518473,0.00032679789670769685,0.00032679835495641945,0.0003267985076174642,0.00032679826037009516,0.00032679797843486474,0.00032679791112986533,0.051643083065645454,0.0003267984717881442,0.0003267981250409168,0.0003267980057293489,0.00032679790469312086,0.664875031502227
ospar,https://www.ospar.org/convention/text ,False,True,False,False,False,False,False,False,True,False,False,False,False,1.871084007211011e-05,1.8710867019695004e-05,1.8710841715744148e-05,1.8710836274978115e-05,0.9997380481536033,1.8710852222948568e-05,1.8710852508858234e-05,1.8710839493452864e-05,1.8710837853033042e-05,1.8710850142972928e-05,1.8710853985418495e-05,1.8710844575229508e-05,1.871083910656034e-05,1.8710838752574182e-05,1.8710852672909586e-05
billygraham,https://billygraham.org/story/billy-grahams-my-answer-global-warming-and-the-environment/ ,False,True,False,False,False,False,False,False,True,False,False,False,False,0.0009803934301115516,0.9862744834943585,0.0009803936392325848,0.0009803932694606022,0.0009803938270725465,0.0009803945354982936,0.0009803950026805706,0.000980396851642426,0.000980393276609054,0.0009803939416292886,0.0009803945337749514,0.000980393889980187,0.0009803937284816686,0.0009803934507873668,0.000980393128680682
geopoliticalmonitor,https://www.geopoliticalmonitor.com/topic/environment/ ,False,True,False,False,False,False,False,False,True,False,False,False,False,0.0008658023118417792,0.6138253578485408,0.0008658019866677985,0.0008658025744694247,0.0008658022229160868,0.0008658051255278913,0.0008658022851537636,0.0008658034968142316,0.0008658027372206625,0.0008658021398927499,0.37491920803247386,0.0008658029801546609,0.000865802149212278,0.0008658019763810847,0.0008658021327330539
napier,https://www.napier.ac.uk/courses/msc-environmental-sustainability-postgraduate-fulltime ,False,True,False,False,False,False,False,False,True,False,False,False,False,0.00017825336691063842,0.7886093167852125,0.00017825335687139966,0.0001782533210067208,0.00017825348914064817,0.00017825357126691923,0.05613649478392954,0.0001782533490610635,0.00017825333815388704,0.0001782534767760493,0.1531151473274375,0.00017825357621450327,0.00017825337397002735,0.0001782533499504774,0.00017825353409803562
treehugger,https://www.treehugger.com/the-environmental-groups-that-dominate-facebook-4868636 ,False,True,False,False,False,False,False,False,True,False,False,False,False,0.0,0.0,0.0,0.0,0.0,0.0,0.0,0.0,0.0,0.0,0.0,0.0,0.0,0.0,0.0
globalgoals,https://worldslargestlesson.globalgoals.org/ ,False,False,False,False,True,False,False,False,True,False,False,False,False,0.0013888903887288397,0.9805555247370566,0.001388890878901578,0.0013888901693073666,0.001388890557680703,0.0013888917258886697,0.001388890814185701,0.001388892152212299,0.0013888903864427591,0.001388892586052079,0.0013888931812521869,0.0013888909779679434,0.0013888905884717703,0.0013888905205782136,0.0013888903352732847
alliedmarketresearch,https://www.alliedmarketresearch.com/environmental-monitoring-market https://www.alliedmarketresearch.com/green-roof-market-A08782 ,False,True,True,False,False,False,False,False,True,False,False,False,False,1.0854237646407271e-05,1.0854247322267732e-05,1.0854237756579417e-05,1.085423779352312e-05,1.0854237353391397e-05,0.9998480406496338,1.085423736737718e-05,1.0854239773480396e-05,1.0854239562264494e-05,1.0854243641161274e-05,1.0854241932569826e-05,1.0854239079894564e-05,1.0854236175804999e-05,1.085423601873861e-05,1.0854238942740766e-05
damen,https://www.damen.com/en/markets/environmental-safety-and-control https://www.damen.com/en/innovation/sustainability ,False,True,True,False,False,False,False,False,True,False,False,False,False,0.022222238151345195,0.688888681580331,0.022222234025998083,0.022222228676635387,0.022222225045917466,0.02222222633909555,0.02222222858762133,0.022222235655598225,0.022222228171114834,0.022222225862339396,0.02222224907330472,0.02222223395539467,0.022222242783924102,0.02222229548615536,0.02222222660522461
oecd,http://www.oecd.org/environment/ https://www.oecd.org/trade/topics/trade-and-the-environment/ http://www.oecd.org/investment/due-diligence-guidance-for-responsible-business-conduct.htm http://www.oecd.org/greengrowth/whatisgreengrowthandhowcanithelpdeliversustainabledevelopment.htm http://www.oecd.org/Greengrowth/ http://www.oecd.org/dac/sustainable-development-goals.htm http://www.oecd.org/daf/competition/sustainability-and-competition.htm ,False,True,True,True,True,False,False,False,True,False,False,False,False,4.206105066292357e-05,0.9989744340995057,4.206104190354198e-05,4.206103553599448e-05,4.2061078834913535e-05,4.206109882615783e-05,4.206108647993552e-05,4.206112379508902e-05,4.2061043292748146e-05,4.206108071347894e-05,0.000478772039946553,4.206105224753214e-05,4.206104826010417e-05,4.206104313030214e-05,4.206107686505049e-05
ecowatch,https://www.ecowatch.com/ ,False,True,False,False,False,False,False,False,True,False,False,False,False,0.0003787884919339093,0.776635604401712,0.00037878863337435125,0.0003787883884988732,0.0003787906691668067,0.0003787886700199559,0.0003787888052931819,0.037699224311286035,0.00037878850157857785,0.10583006926273111,0.07566842480715451,0.0003787887270782761,0.000378788559344076,0.0003787884777823655,0.000378789293046072
globalfestivalofaction,https://globalfestivalofaction.org/ ,False,False,False,False,True,False,False,False,True,False,False,False,False,0.003174608723605017,0.6057687858812537,0.0031746084097114074,0.0031746096903467035,0.0031746149006311735,0.0031746123376540833,0.0031746122445834865,0.003174613080335787,0.0031746090115593755,0.003174607917507758,0.35296128340474503,0.003174612334734308,0.0031746089075582497,0.0031746076502278844,0.003174605505545971
desmi,https://www.desmi.com/ https://www.desmi.com/products-solutions-library/modular-s-centrifugal-pump/ ,False,False,False,False,True,False,False,False,True,False,False,False,False,0.0008333348636360999,0.8574611366292259,0.0008333349399889453,0.000833334445569079,0.0008333353405404798,0.0008333360840965633,0.0008333359398028277,0.0008333363773255683,0.0008333346387232133,0.0008333361322784341,0.000833335418224032,0.1317055047291046,0.0008333348444590589,0.0008333347098765197,0.0008333349071487798
globalissues,https://www.globalissues.org/article/171/loss-of-biodiversity-and-extinctions ,False,True,False,False,False,False,False,False,True,False,False,False,False,0.0001199043079161819,0.8844663003352643,0.00011990455391690899,0.00011990425396576066,0.00011990445626673172,0.00011990443196787451,0.00011990437509389486,0.00011990443586418996,0.00011990426298175859,0.028911942473764957,0.0001199044204775492,0.00011990431977939133,0.00011990428428332986,0.00011990434276521052,0.08518290474569176
nationmaster,https://www.nationmaster.com/country-info/compare/Canada/United-States/Environment ,False,True,False,False,False,False,False,False,True,False,False,False,False,6.035374008189551e-06,6.035379595019743e-06,6.035374873290869e-06,6.035372437308816e-06,6.035378005310669e-06,0.9999155047366035,6.03537615491276e-06,6.035376572010395e-06,6.035372861708331e-06,6.035378489672151e-06,6.035378176438995e-06,6.035376253058929e-06,6.0353735967921115e-06,6.035373753513033e-06,6.035378619252561e-06
canada,https://www.canada.ca/en/environment-climate-change/services/evaluating-existing-substances/draft-science-assessment-plastic-pollution.html ,False,True,False,False,False,False,False,False,True,False,False,False,False,3.493148061649237e-06,3.4931514405804445e-06,3.4931492564328406e-06,3.4931477664645005e-06,3.493150052592446e-06,3.4931521622632445e-06,3.4931496278347147e-06,3.49314850245402e-06,3.4931483424876207e-06,0.9999510958984108,3.493150924569987e-06,3.493149358925529e-06,3.493148137152702e-06,3.4931478233362247e-06,3.4931601325895024e-06
lscenv,https://www.lscenv.com/ ,False,True,False,False,False,False,False,False,True,False,False,False,False,0.0003944779758011837,0.8268896855461066,0.00039447802838855016,0.00039447793884441135,0.0003944780941653689,0.00039447861839414386,0.0003944785552468725,0.0003944782081678432,0.000394477959513382,0.08193368257136559,0.0003944782525538379,0.08644289366232441,0.000394477987456608,0.00039447812878838076,0.00039447847288277447
plasticbank,https://plasticbank.com/ ,False,False,False,False,True,False,False,False,True,False,False,False,False,0.0010256422670714097,0.0010256441543220229,0.0010256424023481986,0.0010256420509816657,0.0010256422260087213,0.0010256429557473864,0.001025642753454568,0.0010256426379744543,0.0010256423057681645,0.0010256458484129071,0.9856410003968801,0.0010256427611081782,0.0010256424545806203,0.001025642264845031,0.0010256425204967028
slideshare,https://www.slideshare.net/biotechvictor1950/heavy-metal-contamination-of-global-environment ,False,True,False,False,False,False,False,False,True,False,False,False,False,0.0022988523165058,0.4563348529299068,0.0022988534889825936,0.002298852166303797,0.0022988565962646255,0.0022988520306618035,0.0022988541276884092,0.002298851762922444,0.0022988528516642874,0.0022988522431145486,0.002298854408614019,0.002298853769084769,0.002298852345347263,0.513780056939211,0.0022988520237277993
bankinfosecurity,https://www.bankinfosecurity.com/implementing-zero-trust-in-hybrid-cloud-environment-a-15621 ,False,True,False,False,False,False,False,False,True,False,False,False,False,0.3777744522799151,0.6080178785232656,0.0010928973158391554,0.0010928971769635495,0.0010928973397942392,0.0010928977239723482,0.0010928974841873343,0.0010928973116383558,0.0010928973592552519,0.0010928976726619912,0.001092899009329615,0.0010928975560746544,0.0010928974891027917,0.001092897264806613,0.0010928984931932696
heforshe,https://www.heforshe.org/en https://www.heforshe.org/en ,False,False,False,False,True,False,False,False,True,False,False,False,False,0.000341880799855907,0.22945016443620142,0.000341880906006193,0.00034188061757675593,0.00034188066417821636,0.047924537774620204,0.00034188090400714564,0.0003418810486005424,0.00034188067706085565,0.0003418808413213526,0.718522728347952,0.00034188076684857794,0.00034188074079073455,0.0003418807329100001,0.00034188074206994675
unicef,https://data.unicef.org/topic/education/covid-19/ https://data.unicef.org/resources/early-childhood-development-index-2030-ecdi2030/ https://data.unicef.org/topic/education/covid-19/ https://data.unicef.org/topic/child-poverty/covid-19/ ,True,False,False,False,True,False,False,False,True,False,False,False,False,9.8473818533442e-05,0.7348433967667551,9.84738190608739e-05,9.847379407701966e-05,9.847386501274365e-05,9.84739202298073e-05,9.847383358248532e-05,0.26387644326155474,9.847380251121417e-05,9.847390262000794e-05,9.84739110274536e-05,9.84738214438541e-05,9.847379529767969e-05,9.847379552259015e-05,9.84738927711502e-05
fao,http://www.fao.org/nocs ,False,False,False,False,True,False,False,False,True,False,False,False,False,0.0009389679018626,0.0009389689897213697,0.000938968920915461,0.000938968005737233,0.0009389679216142219,0.000938969578505823,0.9868544377231121,0.0009389700596228722,0.0009389681128590331,0.0009389695833775512,0.0009389693365657158,0.000938968469856428,0.000938968104274952,0.0009389679801841118,0.0009389693117906043
fogoislandinn,https://fogoislandinn.ca/ ,False,False,False,False,True,False,False,False,True,False,False,False,False,0.0027777815251183897,0.730874261814831,0.0027777821588043064,0.002777781576773832,0.0027777813271239217,0.002777786090025868,0.0027777821929741613,0.0027777818768651105,0.0027777818405312314,0.0027777843245543614,0.002777785848232698,0.23301456330827885,0.002777782297959861,0.002777781590189642,0.0027777822277368974
rockefellerfoundation,https://www.rockefellerfoundation.org/ ,False,False,False,False,True,False,False,False,True,False,False,False,False,0.00053763516930007,0.9924731074616029,0.0005376349685460653,0.0005376349086355672,0.0005376350923760198,0.0005376353561458607,0.0005376352516324271,0.0005376352101257762,0.0005376349881446791,0.0005376351116245576,0.0005376361637757807,0.000537635334432176,0.0005376351014588959,0.0005376350209981711,0.0005376348612009114
uia2023cph,https://uia2023cph.org/ ,False,False,False,False,True,False,False,False,True,False,False,False,False,0.00045351531805085576,0.9936507814766018,0.0004535153003090991,0.00045351522447176657,0.0004535156579488209,0.00045351571147682124,0.00045351630297000173,0.00045351574017655756,0.0004535156696035961,0.00045351574261051706,0.00045351622926581933,0.000453515506986265,0.0004535153130900861,0.0004535154336167315,0.0004535153728212881
unctad,https://unctadstat.unctad.org/ ,False,False,False,False,True,False,False,False,True,False,False,False,False,0.0004474279358691839,0.3504343620946847,0.00044742786944588304,0.0004474278502465374,0.00044742811916405144,0.15004344262552186,0.0004474281069384886,0.11309388835789812,0.00044742786048169124,0.0004474282014897051,0.38150659906636347,0.0004474279563183926,0.0004474279092209381,0.0004474279686714828,0.0004474280776856164
3dprint,https://3dprint.com/271/3-ways-3d-printing-will-save-the-environment/ https://3dprint.com/268538/the-sustainability-of-3d-printing-myth-or-reality/ ,False,True,False,True,False,False,False,False,True,False,False,False,False,8.830033823209528e-05,0.4371247545621802,8.830032033065948e-05,8.83003084821428e-05,8.830034335763482e-05,8.830038583928262e-05,8.830037485035372e-05,8.830042253177754e-05,8.83003155853507e-05,8.830039382170378e-05,8.830038133143464e-05,0.561727340856343,8.830032046703436e-05,8.830032815875828e-05,8.83003484883427e-05
meticulousresearch,https://www.meticulousresearch.com/product/environmental-monitoring-market-5024 ,False,True,False,False,False,False,False,False,True,False,False,False,False,8.20816346898175e-06,8.20816797262529e-06,8.208163627858935e-06,8.208164088053585e-06,8.208164437432558e-06,0.9998850856774195,8.208164730820393e-06,8.208179698831534e-06,8.208164958651077e-06,8.20816814988876e-06,8.20816626073922e-06,8.208163530469161e-06,8.208163828705368e-06,8.20816351315982e-06,8.208164314337549e-06
centennialcollege,https://www.centennialcollege.ca/programs-courses/full-time/environmental-technician/ ,False,True,False,False,False,False,False,False,True,False,False,False,False,0.000360360974330513,0.8636245822652978,0.0003603610076402239,0.00036036084278401873,0.0003603609778865532,0.053105140535979554,0.07894594503763341,0.00036036089345900714,0.00036036091487484705,0.0003603613165279883,0.0003603613784395849,0.0003603610017730891,0.00036036092153110685,0.00036036087560717764,0.00036036105623491095
maritime-executive,https://maritime-executive.com/ https://maritime-executive.com/ ,True,False,False,False,True,False,False,False,True,False,False,False,False,0.003174605377807031,0.0031746099181584244,0.003174606279332603,0.0031746059660154747,0.1775507064509256,0.0031746072734111183,0.003174606317953061,0.003174606764971207,0.003174606606563919,0.003174607628215823,0.0031746077824589083,0.7811794057048456,0.003174606003906628,0.0031746059133132133,0.0031746060121216543
olamgroup,https://www.olamgroup.com/ https://www.olamgroup.com/ https://www.olamgroup.com/products-services/olam-global-agri/rice.html https://www.olamgroup.com/sustainability/innovation-technology/finance-for-sustainability.html https://www.olamgroup.com/sustainability.html https://www.olamgroup.com/ https://www.olamgroup.com/sustainability/innovation-technology/finance-for-sustainability.html https://www.olamgroup.com/sustainability/reporting.html ,False,False,True,True,True,False,False,False,True,False,False,False,False,5.1759904746220316e-05,0.9992753607438101,5.17598971154232e-05,5.175988962520447e-05,5.175999029306501e-05,5.1760274896573684e-05,5.175993490717217e-05,5.175992902882422e-05,5.175989516358922e-05,5.1759923067173475e-05,5.1759936163633203e-05,5.1759909900593744e-05,5.175990254476142e-05,5.1759898269492186e-05,5.1759970468441695e-05
humdata,https://data.humdata.org/ ,False,False,False,False,True,False,False,False,True,False,False,False,False,0.0024691471030856287,0.9654320343585686,0.002469138850933104,0.002469138144484352,0.002469139144542082,0.0024691418286270747,0.002469139581707939,0.0024691383229428388,0.002469138182218647,0.0024691429486366936,0.0024691402441862046,0.0024691382905738693,0.0024691381416968093,0.0024691423715846716,0.0024691424862115117
orsted,https://orsted.com/ https://orsted.com/ ,False,False,True,False,True,False,False,False,True,False,False,False,False,0.00014035104612238422,0.28290819367695247,0.00014035100586490704,0.0001403510002132673,0.00014035107148685364,0.036316723634365486,0.00014035105195561764,0.0001403511752020171,0.000140351028882172,0.0001403510579057977,0.00014035118726812612,0.6790908699530042,0.00014035103670343482,0.0001403510145282353,0.00014035105954507299
toshiba,https://www.toshiba.com/tic/inside-toshiba/environmental-health-safety ,False,True,False,False,False,False,False,False,True,False,False,False,False,0.0019607861462165067,0.9725489838467343,0.001960787011592251,0.001960785880135361,0.0019607861741362397,0.0019607878091353107,0.0019607864136141195,0.001960785524882283,0.0019607862499411823,0.0019607856727645086,0.001960794715955632,0.0019607863284351605,0.001960786323439411,0.0019607858902434138,0.0019607860127742616
inclusion-nudges,https://inclusion-nudges.org/ ,False,False,False,False,True,False,False,False,True,False,False,False,False,0.00015151535500717314,0.305525335633757,0.00015151531364156074,0.00015151529191968424,0.0001515153626688996,0.00015151540757412946,0.00015151540192589425,0.0001515153483363316,0.00015151533729046356,0.00015151531438217217,0.6925049647759156,0.00015151541488307715,0.0001515153290891964,0.00015151538828513572,0.00015151532532346875
b4esummit,http://www.b4esummit.com/ ,False,True,False,False,False,False,False,False,True,False,False,False,False,7.524465456736998e-05,0.6996370925343276,7.524466208097408e-05,7.524464238955469e-05,7.524474787204633e-05,0.18680390079738832,7.524468282621677e-05,0.007898981154895728,7.524465018191497e-05,7.524474940774974e-05,0.10483233389996446,7.524469568028419e-05,7.524466135909551e-05,7.524465548298454e-05,7.524481157577638e-05
ohchr,http://ohchr.org/ https://www.ohchr.org/en/hrbodies/upr/pages/uprmain.aspx http://ohchr.org/ ,True,False,False,False,True,False,False,False,True,False,False,False,False,0.00035087762888411555,0.2012005732408053,0.0003508775940792718,0.00035087752593105075,0.00035087787735043496,0.0003508780291465468,0.4218110482227278,0.00035087813104068465,0.00035087756516590483,0.0003508778381560265,0.37277784594747165,0.00035087759289503725,0.0003508776298043826,0.0003508775897751537,0.00035087758676637223
icomos,https://www.icomos.org/en https://www.icomos.org/en ,True,False,False,False,True,False,False,False,True,False,False,False,False,0.00029895414986179234,0.16424992052027432,0.00029895414570175056,0.0002989538844920128,0.0002989540529043613,0.00029895410202749326,0.00029895420388063897,0.0002989539372764834,0.00029895392868815575,0.0002989542378972611,0.0002989541691208749,0.0002989540108046332,0.0002989539763588681,0.8318636764913502,0.0002989541893611305
msc,https://www.msc.org/what-we-are-doing/oceans-at-risk/climate-change-and-fishing https://www.msc.org/what-you-can-do/eat-sustainable-seafood/foodies-guides/sustainable-salmon ,False,False,False,True,True,False,False,False,True,False,False,False,False,0.0,0.0,0.0,0.0,0.0,0.0,0.0,0.0,0.0,0.0,0.0,0.0,0.0,0.0,0.0
ungm,https://www.ungm.org/Public/Notice ,False,False,False,False,True,False,False,False,True,False,False,False,False,0.006060623170124468,0.9151512998679362,0.006060615926503803,0.006060616085371739,0.006060621781180103,0.0060606830360258115,0.006060617532178807,0.006060612318618069,0.006060616327394552,0.006060620477484328,0.006060619755047596,0.006060613687624025,0.006060616182128605,0.006060613766802222,0.006060610085579878
unjspf,https://www.unjspf.org/contact-us/ ,False,False,False,False,True,False,False,False,True,False,False,False,False,0.0003159560159633855,0.00031595630936945794,0.9955766144095466,0.0003159559543299339,0.00031595604731615967,0.00031595626376099237,0.00031595621358984004,0.0003159563741241846,0.0003159559578920657,0.0003159560656014213,0.000315956151894567,0.00031595609550773523,0.0003159559973830725,0.0003159560650630727,0.000315956078657574
thealinker,https://www.thealinker.com/ ,False,False,False,False,True,False,False,False,True,False,False,False,False,0.00032679806040519777,0.9954248267838515,0.000326797916346002,0.0003267978823796557,0.0003267978725326639,0.00032679848515395986,0.0003267981497939113,0.00032679780750747634,0.0003267979077166156,0.0003267984306003659,0.00032679858908820286,0.0003267980425713452,0.0003267978642637291,0.0003267982688682041,0.0003267979389209758
sunpower,https://us.sunpower.com/ ,False,False,False,False,True,False,False,False,True,False,False,False,False,0.001333335129986462,0.6062338247674691,0.0013333348307224522,0.0013333344669126828,0.0013333349877484026,0.0013333367580736907,0.0013333356488921127,0.0013333347607748832,0.0013333346816387722,0.001333334858427591,0.0013333356820699454,0.3764328193707461,0.00133333529873914,0.0013333347144720926,0.0013333340433264258
deltawaterfowl,https://deltawaterfowl.org/ ,False,False,False,False,True,False,False,False,True,False,False,False,False,0.001149427279415307,0.2597744410208076,0.0011494267398891886,0.001149426419675088,0.0011494268201535293,0.0011494278658978096,0.001149430357372157,0.0011494266965689183,0.001149426765087228,0.0011494275244422684,0.7252830049059767,0.0011494274730091294,0.0011494267707379757,0.001149426739193521,0.001149426621773506
nih,https://pubmed.ncbi.nlm.nih.gov/33354517/ ,False,False,False,False,True,False,False,False,True,False,False,False,False,0.00011695923755078616,0.00011695940929836381,0.00011695928603930464,0.00011695921241791678,0.0001169593802654251,0.122487052719297,0.00011695936887642604,0.00011695934205103778,0.00011695923341970021,0.270643584279414,0.5582877814339413,0.00011695930168340588,0.0001169592594781894,0.00011695922018324179,0.047295029316083904
um,https://kenya.um.dk/en/danida-en/ https://um.dk/en/danida-en/ https://um.dk/en/danida-en/sustainable%20growth/ https://um.dk/en/news/newsdisplaypage/?newsid=00ad38b6-73c3-4715-bbc1-8b87f33f8d2d https://um.dk/en/about-us/mfa-sustainability-initiative/ ,True,False,True,True,True,False,False,False,True,False,False,False,False,0.00017137978210886786,0.41040988476267964,0.00017137977699401734,0.00017137974252212166,0.00017137988926653472,0.00017137985864064108,0.5873621772477299,0.00017137984585065597,0.0001713797732322892,0.0001713797942384162,0.00017137994214209726,0.00017137991084509752,0.00017137978775464885,0.00017138013743038955,0.00017137974856473582
concernusa,https://www.concernusa.org/story/climate-change-food-security/ ,False,False,False,False,True,False,False,False,True,False,False,False,False,0.000143988706444886,0.39137639713537,0.00014398871737914633,0.0001439886423628538,0.00014398869177206135,0.06103149483608956,0.00014398869716422853,0.0001439888117635471,0.00014398867504473057,0.00014398883784255136,0.545864243234535,0.000143988703208802,0.000143988684596161,0.0001439886644345304,0.00014398896199197225
copcap,https://www.copcap.com/ ,True,False,False,False,False,False,False,False,True,False,False,False,False,0.002222224914318771,0.9688888301082005,0.002222226473595144,0.002222225404735031,0.002222228259389816,0.00222222898389437,0.00222223175437815,0.00222222577701715,0.002222225711112146,0.00222222567193977,0.002222227355973035,0.002222225181750528,0.0022222249943420805,0.0022222247000920994,0.002222224709261449
defenders,https://defenders.org/ ,False,False,False,False,True,False,False,False,True,False,False,False,False,0.003333336071532487,0.003333342893928569,0.9533332659106059,0.0033333364636527977,0.003333338895083472,0.0033333357711933086,0.0033333432944069783,0.0033333412662468385,0.003333335871805947,0.0033333355990535778,0.0033333369174314165,0.0033333370619656427,0.0033333380027491927,0.0033333394699802763,0.0033333365103635185
gocycle,https://gocycle.com/ ,False,False,False,False,True,False,False,False,True,False,False,False,False,0.00020202044842222543,0.3548190463971051,0.0002020205285122478,0.00020202042646081273,0.00020202047644055665,0.0002020206339419916,0.6425546868576785,0.0002020204119317126,0.00020202048877231323,0.00020202064757706195,0.00020202055921166755,0.00020202059581539284,0.0002020204420076625,0.00020202044112733997,0.0002020206449955726
tatamotors,https://www.tatamotors.com/investors/annual-reports/ ,False,False,False,False,True,False,False,False,True,False,False,False,False,0.003703716529012369,0.003703713305788792,0.003703711222838882,0.003703711037591533,0.003703712852359779,0.0037037125073298045,0.003703724431700812,0.8402243529956532,0.0037037103221220645,0.003703719299929693,0.003703711042998909,0.11162737144295284,0.0037037110629058027,0.003703710881027788,0.003703711065787457
worldbank,http://datatopics.worldbank.org/world-development-indicators/ http://datatopics.worldbank.org/world-development-indicators/ https://climateknowledgeportal.worldbank.org/ ,True,False,False,False,True,False,False,False,True,False,False,False,False,0.0005847963901335297,0.5463867648902285,0.0005847959697797006,0.0005847958888782163,0.0005847962177797076,0.14486796243553468,0.0005847963144340882,0.000584796367461482,0.0005847959489450146,0.0005847964558569142,0.30172771837558016,0.000584795963267153,0.0005847960210884687,0.0005847960550892752,0.0005847967059430176
economist,https://events.economist.com/world-ocean-summit/ https://events.economist.com/world-ocean-summit/ https://events.economist.com/sustainability-week/ https://ocean.economist.com/ https://events.economist.com/events-conferences/emea/Greenbusinesssummit https://events.economist.com/sustainability-week/ ,True,False,True,True,True,False,False,False,True,False,False,False,False,7.624289243281423e-06,0.41225994679827993,7.624285049741587e-06,7.624284104530255e-06,7.624289398602048e-06,0.02539653310848124,7.624291082432739e-06,7.624289664478137e-06,7.624285606451063e-06,7.624288446199967e-06,0.5622520286399348,7.624289247824599e-06,7.624286519961484e-06,7.624284702922587e-06,7.624290237197892e-06
migrateworld,https://www.migrateworld.com/ ,False,False,False,False,True,False,False,False,True,False,False,False,False,0.0035087750539681754,0.9508771421059041,0.0035087739257302,0.0035087738892324405,0.0035087755335068585,0.003508775378124262,0.003508780389787561,0.0035087770594297778,0.003508774284409433,0.0035087747601788536,0.0035087787753479366,0.0035087749069840166,0.003508775165205699,0.003508774995988146,0.003508773776202291
migrationdataportal,https://migrationdataportal.org/ ,False,False,False,False,True,False,False,False,True,False,False,False,False,0.0006289317759664003,0.13905521795301115,0.0006289314287115545,0.0006289314666815878,0.0006289321160414421,0.0006289317865478193,0.0006289325859834668,0.0006289324594750097,0.0006289315339882499,0.7337600242600698,0.11963757623260098,0.0006289314763078792,0.0006289315642223537,0.0006289315901379728,0.0006289317702544426
danskebank,https://research.danskebank.com/research/ ,True,False,False,False,False,False,False,False,True,False,False,False,False,0.0,0.0,0.0,0.0,0.0,0.0,0.0,0.0,0.0,0.0,0.0,0.0,0.0,0.0,0.0
socialincome,https://socialincome.org/ ,False,False,False,False,True,False,False,False,True,False,False,False,False,0.0005167966412725733,0.9927648439935366,0.0005167965414157129,0.000516796480016523,0.0005167972544861376,0.0005167968250371591,0.0005167969880931577,0.0005167971877344694,0.0005167965146841306,0.0005167967583207781,0.0005167985300501283,0.0005167965363262363,0.0005167965641635541,0.0005167966329902911,0.0005167965518725438
theculturetrip,https://theculturetrip.com/ ,False,False,False,False,True,False,False,False,True,False,False,False,False,0.022222256394804744,0.6888884244104382,0.02222223739629355,0.02222225156876061,0.02222227655925582,0.022222245403082857,0.02222223373696362,0.02222234875164691,0.022222253965718742,0.02222225387591767,0.022222261267851384,0.022222249449373607,0.022222239767258355,0.022222238883763904,0.02222222856887014
grapevine,https://grapevine.is/ ,True,False,False,False,False,False,False,False,True,False,False,False,False,0.003174608368655222,0.6321154724256397,0.0031746082038742562,0.003174607699681352,0.0031746129900240387,0.14445590565807503,0.18533330748868534,0.0031746093747085525,0.003174608524344455,0.003174612066272798,0.0031746111179397477,0.0031746127875547673,0.003174608250678389,0.003174608339911611,0.003174606703954847
arctic-council,https://arctic-council.org/en/ ,False,False,False,False,True,False,False,False,True,False,False,False,False,0.0,0.0,0.0,0.0,0.0,0.0,0.0,0.0,0.0,0.0,0.0,0.0,0.0,0.0,0.0
marinecorpstimes,https://www.marinecorpstimes.com/ ,True,False,False,False,False,False,False,False,True,False,False,False,False,0.0027777806807288453,0.9611110572365823,0.0027777809241120027,0.002777780971622016,0.0027777813763540577,0.0027777805499506186,0.0027777826409075067,0.002777782222155085,0.00277778286784586,0.002777784004872165,0.0027777824316963192,0.0027777808632950558,0.002777780998311798,0.0027777807415628915,0.002777781490003278
responsibletravel,https://www.responsibletravel.com/ ,True,False,False,False,False,False,False,False,True,False,False,False,False,0.033333358473145405,0.5333329501336671,0.03333335567908924,0.03333335928128447,0.03333334224647432,0.033333356622381245,0.03333336450504686,0.03333334741671868,0.03333334930669584,0.03333334773693873,0.033333385671586876,0.033333358873032126,0.033333393010981545,0.03333335208862251,0.03333337895433486
navytimes,https://www.navytimes.com/ ,True,False,False,False,False,False,False,False,True,False,False,False,False,0.0027777806807288453,0.9611110572365823,0.0027777809241120027,0.002777780971622016,0.0027777813763540577,0.0027777805499506186,0.0027777826409075067,0.002777782222155085,0.00277778286784586,0.002777784004872165,0.0027777824316963192,0.0027777808632950558,0.002777780998311798,0.0027777807415628915,0.002777781490003278
intrepidtravel,http://www.intrepidtravel.com/ https://www.intrepidtravel.com/au/about/responsible-business ,True,False,True,False,False,False,False,False,True,False,False,False,False,0.0009661847278022208,0.7293948407898707,0.0009661848390628855,0.0009661845713828736,0.0009661850266846332,0.0009661851092907148,0.0009661853489502659,0.000966184431801473,0.0009661846664539694,0.2580447563341034,0.0009661853348426109,0.0009661848152867885,0.0009661847731822676,0.000966184534930011,0.0009661846963551963
ijm,https://www.ijm.org/ ,True,False,False,False,False,False,False,False,True,False,False,False,False,0.0011695918577765251,0.6908873066818988,0.0011695938069449072,0.0011695916483746979,0.0011695925131813571,0.001169592060618337,0.054057276008307474,0.0011695925934508914,0.0011695917358264826,0.0011695921008313232,0.2410203110062969,0.0011695923312491083,0.0011695920036248232,0.0011695919070361274,0.0011695917445825224
saint-gobain,https://www.saint-gobain.com/en ,True,False,False,False,False,False,False,False,True,False,False,False,False,0.0,0.0,0.0,0.0,0.0,0.0,0.0,0.0,0.0,0.0,0.0,0.0,0.0,0.0,0.0
solarimpulse,https://solarimpulse.com/efficient-solutions/virtu ,False,False,False,False,True,False,False,False,True,False,False,False,False,0.00036036081763051895,0.0003603614051408536,0.0003603608900953659,0.0003603607992327409,0.00036036116723660034,0.07053391947026072,0.00036036112216544016,0.00036049009677753736,0.0003603608581145658,0.0003603610292503169,0.00036036107507072184,0.9247812584616846,0.0003603608713364171,0.00036036088181563315,0.00036036105418804583
animalplanet,https://www.animalplanet.com/ ,True,False,False,False,False,False,False,False,True,False,False,False,False,0.0,0.0,0.0,0.0,0.0,0.0,0.0,0.0,0.0,0.0,0.0,0.0,0.0,0.0,0.0
cntraveler,https://www.cntraveler.com/ ,True,False,False,False,False,False,False,False,True,False,False,False,False,0.02222224925211234,0.022222283516874483,0.6888883460270661,0.022222258274623343,0.022222240843200444,0.02222225668202441,0.022222286660162165,0.022222256241670343,0.02222226467675623,0.02222227613224698,0.02222224146932643,0.022222247533193448,0.02222226807592667,0.022222254428075575,0.02222227018674103
plantbasednews,https://plantbasednews.org/ ,True,False,False,False,False,False,False,False,True,False,False,False,False,0.0005797110859986875,0.9173992931805327,0.0005797110760855951,0.0005797108691316733,0.0005797111038508225,0.07506446095377937,0.0005797111782980437,0.0005797110764912089,0.0005797109882182128,0.000579711348313105,0.0005797114710871804,0.0005797113348666188,0.0005797110229183017,0.0005797108588301605,0.000579712451598365
discovery,https://go.discovery.com/ ,True,False,False,False,False,False,False,False,True,False,False,False,False,0.0,0.0,0.0,0.0,0.0,0.0,0.0,0.0,0.0,0.0,0.0,0.0,0.0,0.0,0.0
forumforthefuture,https://www.forumforthefuture.org/blog/characteristics-of-a-sustainable-business-model https://www.forumforthefuture.org/blog/systems-thinking-unlocking-the-sustainable-development-goals ,False,False,True,False,False,False,False,False,True,False,False,False,False,0.02222223343150312,0.6888886849645456,0.022222232786446253,0.022222229849535067,0.02222222906557775,0.022222231736648515,0.022222239572747896,0.02222222852694736,0.022222230258240203,0.022222231511659345,0.022222257591477317,0.022222244161510654,0.02222223258653992,0.022222230556768235,0.02222226339985274
nasa,https://power.larc.nasa.gov/ ,True,False,False,False,False,False,False,False,True,False,False,False,False,0.000175901875433577,0.9811516066485904,0.00017590175131554174,0.00017590171846714218,0.00017590175898255826,0.00017590208634174438,0.0001759018179161073,0.00017590180882917145,0.00017590176010124893,0.00017590207622079752,0.01656166944523032,0.0001759018554181976,0.00017590174370321783,0.0001759017904859343,0.000175901862964358
recticel,https://www.recticel.com/sustainability-innovation.html https://www.recticel.com/sustainability-innovation/innovation/sustainable-innovation-programmes.html ,False,False,True,False,False,False,False,False,True,False,False,False,False,0.000192678476363434,0.9973024993983788,0.00019267877376277467,0.00019267848458323704,0.00019267853644415461,0.00019267884590246312,0.00019267855131423358,0.00019267874824163217,0.00019267853019080817,0.00019267859266694726,0.00019267863761944815,0.00019267854551317313,0.00019267849958986918,0.00019267851198435406,0.00019267886744471038
sweden,https://sweden.se/business/sustainable-business-in-sweden/ ,False,False,True,False,False,False,False,False,True,False,False,False,False,0.00014245032359327793,0.8272824651467555,0.0001424503241155593,0.00014245029456944497,0.00014245045681475908,0.0072123947201536516,0.00014245054649018592,0.0001424504304870381,0.0001424503128902125,0.00014245037418363587,0.16379573556176105,0.00014245038644316354,0.00014245032957263052,0.0001424503280004004,0.00014245046416950442
pirelli,https://corporate.pirelli.com/corporate/en-ww/sustainability/sustainability#! ,False,False,True,False,False,False,False,False,True,False,False,False,False,0.013333365273723408,0.013333355639673422,0.013333356570842581,0.01333334966449767,0.013333352414259508,0.013333372755146431,0.01333335136343299,0.013333349540417793,0.013333354050685309,0.0133334046412169,0.01333340587685293,0.8133329015338564,0.013333351860858605,0.013333350248822484,0.013333378565713677
umn,https://www.pgc.umn.edu/data/arcticdem/ ,True,False,False,False,False,False,False,False,True,False,False,False,False,0.00015540050651642492,0.3529729668753664,0.00015540040646708054,0.00015540038277517455,0.00015540048605050685,0.027320611226075146,0.00015540050013814223,0.0001554005314474466,0.00015540042310897714,0.5295161737501415,0.08848084288794544,0.00015540064046549852,0.00015540039831217083,0.00015540046759902537,0.00015540051759118729
aak,https://www.aak.com/sustainability/ceo-statement/ https://www.aak.com/sustainability/certificates/ ,False,False,True,False,False,False,False,False,True,False,False,False,False,0.00011737100400049001,0.02791631839201223,0.00011737100687033743,0.00011737098399922028,0.00011737104367662822,0.00011737114208149544,0.00011737105967812298,0.00011737107568611918,0.000117370999503091,0.00011737101512250326,0.9705578582549084,0.0001173710319020843,0.00011737099936899889,0.0001173709932004597,0.00011737099798975339
flsmidth,https://www.flsmidth.com/en-gb/company/sustainability https://www.flsmidth.com/en-gb/company/sustainability https://www.flsmidth.com/en-gb/company/sustainability/sustainability-reports ,False,False,True,True,False,False,False,False,True,False,False,False,False,0.00022522556075545987,0.9968468407611325,0.00022522560436905032,0.00022522549462048822,0.00022522553125899764,0.00022522596560700948,0.00022522575365830713,0.00022522554096324256,0.00022522554595988674,0.0002252256113153379,0.0002252258462691108,0.0002252258317659752,0.00022522552240949233,0.00022522554101038727,0.00022522588890443597
sbu,https://online.sbu.edu/news/2016/11/30/how-integrate-sustainability-your-business ,False,False,True,False,False,False,False,False,True,False,False,False,False,0.0002849005969153457,0.9960113905329326,0.0002849005162087921,0.00028490050257247993,0.0002849005935063872,0.0002849006403420571,0.00028490060746922107,0.0002849007433236482,0.0002849005306380351,0.0002849005442849282,0.00028490185340860735,0.0002849006041827456,0.00028490055595189524,0.0002849005293257085,0.0002849006489375347
microsoft,https://news.microsoft.com/climate/ https://news.microsoft.com/climate/ ,False,False,True,True,False,False,False,False,True,False,False,False,False,0.00028129452770604967,0.996061879302336,0.00028129420812956726,0.00028129419172868406,0.00028129425543246394,0.00028129454613541496,0.0002812943157419864,0.0002812943226827975,0.0002812942212644599,0.0002812943063004742,0.0002812945743480949,0.00028129444030253,0.00028129427434719456,0.0002812942382390124,0.00028129427530510827
lseg,https://www2.lseg.com/sustainablefinance/sustainablebondmarket ,False,False,True,False,False,False,False,False,True,False,False,False,False,0.0005249348679570448,0.9926509091013542,0.0005249348201063866,0.0005249349685168855,0.0005249354092420241,0.0005249362425608105,0.000524934885794028,0.0005249347375945121,0.000524935202311551,0.0005249350420888546,0.0005249352591626428,0.0005249349599112515,0.000524934824246189,0.000524934843107712,0.0005249348360457161
salesforce,https://www.salesforce.com/news/press-releases/2019/09/18/salesforce-introduces-salesforce-sustainability-cloud-empowering-every-business-to-drive-impactful-climate-action/ https://www.salesforce.com/news/stories/salesforce-sustainability-cloud-becomes-generally-available/ ,False,False,True,True,False,False,False,False,True,False,False,False,False,0.274677787084661,0.72401699037469,0.00010040168897300807,0.0001004016888232704,0.00010040171118235066,0.00010040184170647445,0.00010040174309040853,0.00010040172211624903,0.00010040170580033429,0.00010040174736743755,0.00010040184059427538,0.00010040172824430463,0.00010040170733128525,0.00010040170599902644,0.00010040170942045253
nordicinnovation,https://www.nordicinnovation.org/circularnordic https://www.nordicinnovation.org/programs/nordic-green-growth-research-and-innovation-program ,False,False,True,False,False,False,False,False,True,False,False,False,False,0.00020964385042288375,0.7863752236660942,0.00020964388328007584,0.00020964380025827387,0.00020964388161695335,0.0002096440130142267,0.00020964388869353082,0.0002096439946081896,0.2108994053215869,0.00020964390616431437,0.0002096440385197978,0.00020964393611584285,0.0002096438482502471,0.00020964381641576436,0.00020964415495889238
minesto,https://minesto.com/our-technology ,False,False,True,False,False,False,False,False,True,False,False,False,False,0.0003252037179211661,0.3274525732152753,0.0003252037810512753,0.0003252036329225497,0.0003252037669734316,0.187785846079439,0.0003252038798641876,0.0003252035802491994,0.00032520375529674245,0.0003252041178698484,0.0003252040322142975,0.4561939117854439,0.00032520368316770495,0.000325203661427157,0.024990427310884144
weatherford,https://www.weatherford.com/en/sustainability/ https://www.weatherford.com/en/sustainability/ ,False,False,True,True,False,False,False,False,True,False,False,False,False,0.0,0.0,0.0,0.0,0.0,0.0,0.0,0.0,0.0,0.0,0.0,0.0,0.0,0.0,0.0
aircanada,https://www.aircanada.com/us/en/aco/home.html ,True,False,False,False,False,False,False,False,True,False,False,False,False,0.000404040930699284,0.00040404135994860467,0.0004040410251586478,0.00040404108365730564,0.00040404127691665736,0.0004040411776814549,0.00040404147288004806,0.7656947949161725,0.0004040408666269722,0.22905267123374679,0.00040404111975152435,0.0004040410691252975,0.00040404083787134185,0.0004040408368698889,0.00040404079289372224
routledge,https://www.routledge.com/Sustainable-Innovation-Strategy-Process-and-Impact/Voinea-Roijakkers-Ooms/p/book/9780367280734 ,False,False,True,False,False,False,False,False,True,False,False,False,False,0.00020080346635493185,0.9971887507831879,0.00020080346553505142,0.00020080342425142001,0.00020080352219843393,0.00020080365961717216,0.00020080348510994028,0.00020080345879868274,0.00020080346125377952,0.0002008035249087484,0.00020080370299764845,0.0002008034702065194,0.00020080344729602243,0.00020080343658902136,0.00020080369169471287
fespa,https://www.fespa.com/en/news-media/features/sustainability-and-paper-what-are-your-options https://www.fespa.com/en/news-media/press-releases/fespa-hosts-first-virtual-summit-with-focus-on-motivation-and-strategies-for-sustainable-growth ,False,False,True,False,False,False,False,False,True,False,False,False,False,0.00010335931148256396,0.9985529694162102,0.00010335929809384088,0.00010335928422191935,0.00010335931964337913,0.00010335940974507298,0.00010335933746500014,0.00010335933854927394,0.0001033592923585566,0.0001033593768987581,0.00010335938688860465,0.00010335934078830725,0.00010335930005506056,0.00010335928667840368,0.00010335930092109988
refinitiv,https://www.refinitiv.com/perspectives/future-of-investing-trading/sustainable-business-and-the-importance-of-black-lives-matter/ https://www.refinitiv.com/perspectives/future-of-investing-trading/eu-sustainability-and-the-covid-19-recovery/ ,False,False,True,True,False,False,False,False,True,False,False,False,False,9.647869469846848e-05,0.9013983712621939,9.6478668651143e-05,9.647865516188862e-05,9.647869826495911e-05,0.037185340870425576,9.647872150239538e-05,9.647878084811485e-05,9.647867119258957e-05,9.647873249821236e-05,0.060258543493383325,9.647869604461842e-05,9.647867038277773e-05,9.647866184303955e-05,9.647872290890653e-05
eco-business,https://www.eco-business.com/jobs/ ,False,False,True,False,False,False,False,False,True,False,False,False,False,0.011111139112420555,0.8444439550270764,0.011111172008782047,0.011111133385026117,0.011111154151910772,0.011111179438418984,0.01111114308179245,0.01111114523331298,0.011111140870585769,0.011111145906464108,0.011111135302676385,0.011111132150785834,0.011111135156380734,0.011111143224136946,0.011111145950229951
positivemoney,https://www.positivemoney.eu/sustainable-central-banks/ ,False,False,True,False,False,False,False,False,True,False,False,False,False,9.965132772902687e-05,0.9986048804151758,9.965131216654728e-05,9.9651315853249e-05,9.965137566249014e-05,9.965145720786777e-05,9.965136260790591e-05,9.965139258595654e-05,9.965141766466709e-05,9.965138518609653e-05,9.965186722890286e-05,9.965136302399701e-05,9.965133200008724e-05,9.965132355691101e-05,9.965135235056853e-05
eventscouncil,https://www.eventscouncil.org/Sustainability/Sustainability-Pledge ,False,False,True,False,False,False,False,False,True,False,False,False,False,0.0003454237899825991,0.22144373920361948,0.00034542365812393114,0.0003454234714635438,0.0003454242088026318,0.7740657522411644,0.0003454239511108395,0.0003454238492534286,0.0003454234867822873,0.00034542362368972023,0.0003454240298121159,0.00034542362301180526,0.0003454235999955545,0.0003454236791987959,0.0003454235839889407
wamda,https://www.wamda.com/2012/04/4-reasons-why-smart-businesses-go-green ,False,False,True,False,False,False,False,False,True,False,False,False,False,0.00024067419930824034,0.996630560483113,0.00024067418377424012,0.0002406741672889205,0.00024067416942818025,0.0002406745510002252,0.0002406744377028157,0.00024067410527227277,0.0002406741956481982,0.00024067442041859105,0.00024067429210456414,0.00024067436428735857,0.00024067418294353212,0.00024067413888808245,0.00024067410882149163
unesco,https://en.unesco.org/fieldoffice/projects ,False,False,False,False,True,False,False,False,True,False,False,False,False,0.006060613376613894,0.6989615020525664,0.006060619827979738,0.0060606135971704046,0.006060612724596496,0.006060614452907169,0.006060623980962789,0.006060620784082267,0.00606061578312046,0.00606062471412889,0.22225048259282532,0.0060606131078724,0.006060616279810381,0.006060615054165605,0.006060611671197771
nordforsk,https://www.nordforsk.org/programs/nordic-research-and-innovation-programme-sustainable-aquaculture ,False,False,True,False,False,False,False,False,True,False,False,False,False,0.0004938278735487335,0.7178410485743885,0.0004938280952855238,0.0004938278246551799,0.0004938282034500799,0.000493828820814184,0.0004938287395573172,0.0004938283268148206,0.0004938293945671768,0.0004938280634520596,0.0004938286137053866,0.0004938285301802593,0.0004938279122298569,0.0004938278209310583,0.27573918320642
pbs,https://www.pbs.org/independentlens/blog/earth-day-watch-list-17-new-films-about-sustainability-climate-change/ ,False,False,True,False,False,False,False,False,True,False,False,False,False,0.0002949856442811517,0.6903354858755939,0.00029498567473553084,0.000294985628515133,0.00029498574706806913,0.0002949861028623895,0.0002949859251425408,0.00029498573511094737,0.00029498569479457755,0.00029498608131916403,0.2584503093365387,0.0002949859292245029,0.0002949856763147906,0.0002949855905915015,0.04767437535790719
environmental-expert,https://www.environmental-expert.com/magazines/keyword-sustainable-business-1708 https://www.environmental-expert.com/companies/keyword-sustainable-business-model-41054 ,False,False,True,False,False,False,False,False,True,False,False,False,False,0.002898554593948333,0.8587913400700279,0.0028985559704816266,0.0028985544992849513,0.10352744648609719,0.0028985543561292505,0.002898555520539423,0.0028985546910040285,0.002898554157672969,0.002898554716833579,0.0028985554943316023,0.002898554947622718,0.002898555586926763,0.002898554972813688,0.00289855393628598
blackrock,https://www.blackrock.com/institutions/en-us/solutions/sustainable-investing ,False,False,True,False,False,False,False,False,True,False,False,False,False,0.00017406462369390043,0.9975630949330347,0.00017406458547445153,0.00017406459567741877,0.0001740646643710797,0.00017406481986422244,0.00017406461622455191,0.00017406456081896668,0.00017406462427453892,0.00017406477534711592,0.00017406477572566714,0.0001740646098261279,0.00017406460815200603,0.0001740645713619859,0.00017406463615324126
garp,https://www.garp.org/#!/scr ,False,False,False,True,False,False,False,False,True,False,False,False,False,0.0,0.0,0.0,0.0,0.0,0.0,0.0,0.0,0.0,0.0,0.0,0.0,0.0,0.0,0.0
upmraflatac,https://go.upmraflatac.com/innovate-with-sustainable-packaging-for-a-circular-economy ,False,False,True,False,False,False,False,False,True,False,False,False,False,0.0013605454360214294,0.980952359930714,0.001360545538098639,0.0013605451362204352,0.0013605449097775948,0.0013605458365514864,0.00136054552533365,0.0013605449035292727,0.0013605459521597648,0.0013605453700171986,0.0013605503767662168,0.0013605454847305184,0.001360545559783677,0.0013605451124142688,0.0013605449278821012
motorship,https://www.motorship.com/news101/alternative-fuels/methanol-production-is-turning-green-and-shipping-is-taking-note ,False,False,True,False,False,False,False,False,True,False,False,False,False,9.469710706735444e-05,0.6316648383724329,9.469711084949892e-05,9.469707207961847e-05,9.469712311091285e-05,0.0893985620305706,9.469712776949804e-05,9.469710818398355e-05,9.469708885510355e-05,9.469717497904404e-05,9.469716346900625e-05,0.2778002342009095,9.469708798160275e-05,9.469707889716349e-05,9.46971528441768e-05
lombardodier,https://www.lombardodier.com/rethinksustainability https://www.lombardodier.com/rethinksustainability https://www.lombardodier.com/manifesto ,False,False,True,True,False,False,False,False,True,False,False,False,False,0.0011904774223902358,0.13151395712180652,0.0011904776019679474,0.0011904769708975583,0.0011904802115556526,0.0011904771378998954,0.001190477524688306,0.0011904770811361585,0.0011904770788422662,0.0011904772632274807,0.0011904783067125488,0.0011904775843549018,0.0011904771860209284,0.8530098342332862,0.00119047727521325
un,https://unstats.un.org/unsd/envstats/clinks.cshtml https://www.un.org/en/ http://data.un.org/ https://www.un.org/en/ http://data.un.org/ https://unstats.un.org/unsd/methodology/m49/overview/ ,True,True,False,False,True,False,False,False,True,False,False,False,False,6.932893735759417e-06,6.932898771354775e-06,6.93289400226869e-06,6.932893019741885e-06,6.932894952561317e-06,6.932895709317673e-06,6.932896670799406e-06,0.9999029394655563,6.9328932681427495e-06,6.932896448799713e-06,6.932898402245966e-06,6.932894334515665e-06,6.932894387337656e-06,6.932894281083115e-06,6.9328964599768985e-06
spiraxsarco,https://www.spiraxsarco.com/global/en-GB/news/delivering-energy-efficiency-with-sustainable-steam ,False,False,True,False,False,False,False,False,True,False,False,False,False,0.0004597706305400109,0.9935632090347106,0.0004597707186274433,0.0004597705199887118,0.0004597706205993791,0.00045977093503986663,0.00045977097697997806,0.00045977077129265276,0.0004597706525164022,0.00045977091985620555,0.0004597710283237999,0.0004597712162619017,0.0004597706236374547,0.00045977076659635077,0.0004597705850292911
armacell,https://www.armacell.com/sustainability/armacell-sustainability-report-2019 ,False,False,False,True,False,False,False,False,True,False,False,False,False,0.0,0.0,0.0,0.0,0.0,0.0,0.0,0.0,0.0,0.0,0.0,0.0,0.0,0.0,0.0
mdpi,https://www.mdpi.com/journal/sustainability/special_issues/metabolism_islands ,False,False,False,True,False,False,False,False,True,False,False,False,False,0.0002824863422612031,0.9960451895145055,0.0002824863473634517,0.0002824862896689998,0.00028248654724956135,0.00028248632614243595,0.0002824863122925675,0.00028248644295359837,0.00028248628259049867,0.00028248655009110817,0.0002824867539240288,0.0002824867016207479,0.0002824863317261229,0.0002824864417303498,0.00028248681587979334
broadridge,https://www.broadridge.com/about/sustainability ,False,False,False,True,False,False,False,False,True,False,False,False,False,0.00017226548275128557,0.997588282380144,0.00017226544679279949,0.00017226544077001625,0.00017226549165533917,0.00017226559181563627,0.00017226550649241873,0.00017226553445122742,0.0001722654508419125,0.00017226548332921113,0.00017226627552055612,0.00017226548246443082,0.00017226547851729418,0.00017226548977013038,0.00017226546468381053
cbnet,https://cbnet.com/ ,False,False,True,False,False,False,False,False,True,False,False,False,False,0.008333341460416725,0.008333355543908388,0.008333348113548654,0.008333340616675051,0.008333349702847154,0.00833333589304156,0.008333340556055781,0.00833333722446548,0.008333341463286523,0.008333339680970966,0.008333364983179789,0.00833334479056014,0.8833331796427393,0.008333345509102256,0.008333334819202176
iwc,https://www.iwc.com/en/company/sustainability-at-iwc.html ,False,False,False,True,False,False,False,False,True,False,False,False,False,0.00015576345925812695,0.997819309964172,0.00015576345941244868,0.00015576341751466578,0.00015576349097477029,0.00015576366647948226,0.00015576357263019132,0.00015576358160128127,0.00015576344625999552,0.00015576368133392754,0.0001557643617608308,0.00015576349682462886,0.00015576347115234726,0.00015576342355777832,0.00015576350706763368
mowi,https://mowi.com/sustainability/ ,False,False,False,True,False,False,False,False,True,False,False,False,False,0.0009132432663317994,0.94632374598951,0.0009132434036319792,0.0009132432841328013,0.0009132441340966816,0.0009132444462200386,0.0009132436661976466,0.0009132434963119909,0.0009132432596579552,0.0009132445088054423,0.0009132451550909093,0.0009132433910670084,0.0009132434608880589,0.0009132431010317373,0.04180408543702591
stinegoya,https://stinegoya.com/pages/sustainability https://us.stinegoya.com/pages/sustainability ,False,False,False,True,False,False,False,False,True,False,False,False,False,0.00018264858415681582,0.997442919104285,0.00018264856244461656,0.0001826485470365345,0.00018264863810546093,0.00018264900401733747,0.00018264859154465675,0.00018264855867882064,0.00018264860749521629,0.00018264870762636036,0.0001826487112506903,0.00018264862090768482,0.00018264857395909845,0.00018264855885177377,0.00018264862963999928
clariant,https://www.clariant.com/en/Sustainability ,False,False,False,True,False,False,False,False,True,False,False,False,False,0.0006472498469092513,0.9909384988452566,0.0006472498015854774,0.0006472497244063364,0.0006472501088159324,0.0006472506512084241,0.0006472501984330223,0.0006472499684217095,0.0006472498086305803,0.0006472501373420681,0.000647251439027744,0.0006472499389130348,0.0006472498784656111,0.0006472498662833312,0.000647249786300615
univarsolutions,https://www.univarsolutions.com/safety-and-sustainability/sustainability/ ,False,False,False,True,False,False,False,False,True,False,False,False,False,0.0005747133425467822,0.9919540065348245,0.0005747132034718837,0.0005747131251491068,0.0005747136118246136,0.00057471381657083,0.0005747144182014106,0.0005747132285369351,0.000574713181028627,0.0005747134505061936,0.0005747191856201817,0.0005747133040665136,0.000574713230077736,0.0005747132229712543,0.0005747131446035133
sustainableplatform,https://www.sustainableplatform.com/ ,False,False,False,True,False,False,False,False,True,False,False,False,False,0.596483576466613,0.38381941519166396,0.001515154039485647,0.001515153433073001,0.0015151542130730823,0.0015151552418194137,0.0015151543621889833,0.0015151531822593302,0.001515153824118548,0.001515157404467983,0.0015151549265610374,0.0015151551513971136,0.001515153400751161,0.001515154085694424,0.0015151550768332021
fiaformulae,https://www.fiaformulae.com/en/discover/sustainability https://www.fiaformulae.com/en/discover/sustainability/our-approach ,False,False,False,True,False,False,False,False,True,False,False,False,False,0.00043573042518790675,0.6741595326274334,0.00043573037043361787,0.0004357303441380324,0.0004357305864937711,0.32017596985629504,0.0004357311720596701,0.00043573058339397154,0.0004357303857096544,0.00043573083931230456,0.0004357310271846797,0.00043573071451104197,0.00043573041546073597,0.0004357303627286616,0.0004357302896574076
gartner,https://www.gartner.com/en/supply-chain/insights/supply-chain-sustainability https://www.gartner.com/en/marketing/insights/daily-insights/what-is-the-future-of-sustainable-fashion ,False,False,False,True,False,False,False,False,True,False,False,False,False,0.00048661842635384646,0.9931873400874517,0.00048661838925279094,0.0004866183424004654,0.00048661852624438186,0.00048661847312180055,0.00048661893539076004,0.0004866186908126686,0.0004866183801349606,0.0004866187490207033,0.00048661866775846416,0.0004866186709490245,0.0004866184634860334,0.0004866184198607381,0.0004866187777616052
bruichladdich,https://www.bruichladdich.com/philosophy/sustainability/ ,False,False,False,True,False,False,False,False,True,False,False,False,False,0.0019047653545635004,0.5104405698362191,0.0019047684976769754,0.001904765206206661,0.0019047683131778927,0.10806711728220114,0.3586351044899724,0.0019047653520514352,0.0019047657513169552,0.001904769235874621,0.001904768588589009,0.0019047683241443516,0.0019047657681202342,0.0019047650650612024,0.0019047729348246323
controlunion,https://certifications.controlunion.com/en/about-us/sustainability ,False,False,False,True,False,False,False,False,True,False,False,False,False,0.001709403425967563,0.976068348634337,0.0017094031777453809,0.001709403323646522,0.0017094033920508382,0.0017094051623178323,0.0017094046095379675,0.001709402888387765,0.001709403652672248,0.001709404280574272,0.0017094041132214909,0.0017094034258422401,0.0017094033033016578,0.0017094034605204058,0.0017094031498766536
proposalsforngos,https://proposalsforngos.com/sustainability-plan-project-proposal/ https://proposalsforngos.com/what-is-project-sustainability/ ,False,False,False,True,False,False,False,False,True,False,False,False,False,0.00012055463367153527,0.9983122349611133,0.00012055462231618293,0.00012055462056487891,0.00012055467402546481,0.00012055470223460912,0.00012055465346731585,0.0001205546278774626,0.0001205546337164782,0.000120554657300434,0.00012055467768145385,0.00012055464481706344,0.00012055462726258595,0.00012055462674645068,0.00012055463720458739
zbc,https://www.zbc.dk/media/4253/international-course-sustainability-ambassador-pro-level-2021-wcag.pdf ,False,False,False,True,False,False,False,False,True,False,False,False,False,0.0,0.0,0.0,0.0,0.0,0.0,0.0,0.0,0.0,0.0,0.0,0.0,0.0,0.0,0.0
jacobi,https://www.jacobi.net/sustainability-journey/ ,False,False,False,True,False,False,False,False,True,False,False,False,False,0.0031746075046863377,0.9555554650582108,0.003174607044505177,0.003174606469801612,0.0031746078073547506,0.003174614430751635,0.0031746138957705738,0.0031746132398070637,0.003174606903058,0.0031746118092966357,0.003174612037411854,0.0031746139085715324,0.0031746074711068474,0.003174606711705764,0.003174605707961311
fluitec,https://www.fluitec.com/about/sustainability/ ,False,False,False,True,False,False,False,False,True,False,False,False,False,0.0006289316441088871,0.9911949550229072,0.0006289315423676163,0.0006289315451921721,0.0006289320089696391,0.0006289331670369689,0.0006289317722416606,0.0006289313937462838,0.0006289316807961751,0.0006289315287435262,0.0006289317594175425,0.000628932155131508,0.0006289315823689716,0.000628931458406674,0.0006289317385652895
hrastnik1860,https://hrastnik1860.com/sustainability/ ,False,False,False,True,False,False,False,False,True,False,False,False,False,0.0008130088550014195,0.9127475141493677,0.0008130089446929527,0.000813008796340129,0.0008130088694298274,0.07668336846229058,0.0008130090773909499,0.00081300883283804,0.0008130089980084315,0.0008130096268573827,0.0008130095267922589,0.0008130092458267674,0.0008130089177333991,0.000813008783154084,0.0008130089142761581
perenews,https://www.perenews.com/gresb-on-quantifying-sustainability/ ,False,False,False,True,False,False,False,False,True,False,False,False,False,0.0047619104460069695,0.7598073464334075,0.004761919395376088,0.004761907676878876,0.17828782659454803,0.004761906976568498,0.004761916800868518,0.004761906710490148,0.004761908044237634,0.004761906599204675,0.00476190983223166,0.004761910255318407,0.00476190811133783,0.004761908710407221,0.004761907413118125
verint,https://www.verint.com/our-company/corporate-responsibility/sustainability-and-community-involvement/ ,False,False,False,True,False,False,False,False,True,False,False,False,False,0.0005698010900581975,0.9920227836522484,0.0005698011217210284,0.0005698010027989213,0.0005698013663579469,0.0005698013710165287,0.0005698013267015199,0.0005698010053653039,0.0005698010598690732,0.000569801009601934,0.0005698016425017659,0.0005698011581564506,0.0005698010540716334,0.0005698009864961621,0.0005698011530351736
unifi,https://unifi.com/sustainability ,False,False,False,True,False,False,False,False,True,False,False,False,False,0.00048661836163552716,0.9931873407675074,0.00048661841241503124,0.00048661835808641075,0.0004866184906455714,0.0004866188447723804,0.0004866187692255885,0.0004866183739863893,0.0004866184503181141,0.0004866188732332896,0.00048661875118372673,0.0004866185034399609,0.000486618414007859,0.0004866183584972673,0.00048661827104518637
csrhub,https://www.csrhub.com/csrhub/ ,False,False,False,True,False,False,False,False,True,False,False,False,False,0.011111127529857007,0.8444440746485861,0.011111125462909509,0.011111124491379704,0.01111112429824862,0.011111135897015775,0.011111126372264711,0.011111117563857503,0.0111111290361437,0.011111120607528975,0.01111126599358216,0.011111132023737584,0.011111142906059303,0.011111129632009763,0.011111123536819778
globaldata,https://store.globaldata.com/report/gdtmt-tr-s246--sustainability-thematic-research/ ,False,False,False,True,False,False,False,False,True,False,False,False,False,0.00030721997857046415,0.9956989201854883,0.0003072198926075696,0.00030721986575841175,0.0003072200221809696,0.0003072200805508576,0.0003072200364020387,0.0003072198774730386,0.00030721989373073836,0.00030721992231908863,0.0003072205645046772,0.00030721988897868663,0.00030721990392892234,0.00030721988794426766,0.00030721999956207494
virtuoso,https://www.virtuoso.com/why-virtuoso/Sustainability ,False,False,False,True,False,False,False,False,True,False,False,False,False,0.005555561030462622,0.005555588155343416,0.005555557505256341,0.0055555569046023484,0.005555557607965201,0.005555557729571927,0.005555558739229879,0.005555557853242533,0.005555557336651445,0.005555557025883044,0.005555559931139242,0.005555557887285572,0.005555557649535304,0.9222221581170749,0.005555556526756231
orffa,https://orffa.com/sustainability/ ,False,False,False,True,False,False,False,False,True,False,False,False,False,0.001333335177040842,0.9297251014143963,0.0013333349962861589,0.0013333348160324509,0.0013333364649084293,0.0013333368799942652,0.0013333353010462463,0.0013333343011047482,0.0013333350410413972,0.052941537482197376,0.0013333369073774165,0.0013333352483900838,0.001333334792086242,0.0013333346505442142,0.0013333365275536963
diabgroup,https://www.diabgroup.com/sustainability/ ,False,False,False,True,False,False,False,False,True,False,False,False,False,0.00031152679847010277,0.9956386236603446,0.0003115267955687519,0.00031152673933516157,0.00031152685233341913,0.00031152699962905657,0.00031152686639410036,0.000311526909604204,0.0003115267727029444,0.00031152702710416497,0.00031152727802019733,0.0003115270354815958,0.0003115267781290607,0.00031152674319599364,0.00031152674368643195
birlacarbon,https://www.birlacarbon.com/sustainability/ ,False,False,False,True,False,False,False,False,True,False,False,False,False,0.0005698010637581262,0.9920227825206724,0.0005698009774620817,0.0005698009608053834,0.000569801125724247,0.0005698035742613336,0.0005698010244871336,0.0005698010133272336,0.0005698010134826117,0.0005698010899514643,0.0005698013147989759,0.0005698012837246796,0.0005698010317400077,0.0005698009376876071,0.0005698010681168583
konecranes,https://www.konecranes.com/about/sustainability ,False,False,False,True,False,False,False,False,True,False,False,False,False,0.9481481069888058,0.0037037093035040044,0.003703706085278975,0.003703705294533487,0.003703707901082984,0.003703707053411536,0.00370370615523632,0.0037037056427625696,0.0037037052548143613,0.0037037067400726735,0.003703706862666685,0.003703706092920612,0.0037037056283961973,0.0037037069317075906,0.0037037080648064324
skincity,https://prod.skincity.com/en/about-us/sustainability ,False,False,False,True,False,False,False,False,True,False,False,False,False,0.00030581064182055086,0.9957186498444863,0.00030581074755929306,0.0003058105913223249,0.00030581085117158905,0.00030581072993996584,0.0003058107010192229,0.0003058106059500385,0.0003058106336467324,0.0003058108833069268,0.00030581102173044786,0.00030581072616427617,0.00030581068054942286,0.00030581063151769025,0.00030581070981525123
bbcearth,https://www.bbcearth.com/sustainable-me/ ,False,False,False,True,False,False,False,False,True,False,False,False,False,0.003174608099079023,0.9555554763439276,0.0031746066094339776,0.003174607168500816,0.0031746068285685492,0.0031746193964814983,0.003174607357157486,0.00317460593089769,0.0031746079410778505,0.003174614679384592,0.003174613618600092,0.0031746072493301193,0.0031746075302517677,0.003174606114333621,0.0031746051329754822
nipponpaint,https://www.nipponpaint.com/sustainability/ ,False,False,False,True,False,False,False,False,True,False,False,False,False,0.0013888907905236427,0.9805555294529085,0.0013888903184102188,0.0013888903070536887,0.001388890938547259,0.0013888923545694435,0.001388890120443112,0.001388889953680019,0.0013888903797525407,0.0013888924619159966,0.001388891022938847,0.0013888903215417425,0.0013888903239672385,0.0013888902320632233,0.0013888910216846926
birlacellulose,https://www.birlacellulose.com/sustainability.php ,False,False,False,True,False,False,False,False,True,False,False,False,False,0.0003584233621847604,0.9949820722472198,0.0003584233235442202,0.00035842323147684433,0.0003584232857508445,0.000358423413039955,0.00035842348316777903,0.00035842327862650703,0.0003584232907846349,0.0003584235327619614,0.0003584240523304829,0.00035842349066556977,0.00035842328839977966,0.00035842326821847745,0.00035842345182863155
panerai,https://www.panerai.com/en/about-panerai/sustainability.html ,False,False,False,True,False,False,False,False,True,False,False,False,False,0.00012322871352302018,0.9982747968695761,0.00012322875378711556,0.0001232286944171869,0.00012322883365304852,0.0001232288171321388,0.00012322879538281142,0.0001232287231646405,0.00012322870524150774,0.00012322878425370854,0.00012322880705063232,0.00012322880582402463,0.00012322870952584934,0.00012322871822225957,0.000123229269245753
globalsalmoninitiative,https://globalsalmoninitiative.org/en/sustainability-report/sustainability-indicators/ ,False,False,False,True,False,False,False,False,True,False,False,False,False,0.00038535698071505225,0.4178497326221114,0.0003853571386524731,0.0003853569334051809,0.00038535740148993897,0.0003853572907073281,0.0003853572584772256,0.0003853569244511399,0.0003853569404996278,0.09815602322986498,0.00038535735939870585,0.00038535719027466496,0.0003853570089135158,0.0003853569268213345,0.47936995879421745
etsy,https://www.etsy.com/market/sustainable ,False,False,False,True,False,False,False,False,True,False,False,False,False,0.005128210568015231,0.8441210740431816,0.005128210718025067,0.0051282091552568064,0.005128210718956702,0.005128207964772652,0.0051282142164435825,0.005128208936497368,0.005128210035569262,0.005128210646072873,0.005128215875401548,0.0051282117391765174,0.005128210289470303,0.08921218572942807,0.005128209363732316
denmark,https://denmark.dk/innovation-and-design ,False,False,True,False,False,False,False,False,True,False,False,False,False,0.0017094035349066348,0.9760683473502589,0.001709403403201287,0.0017094032012848202,0.0017094034708154844,0.0017094053259813081,0.001709403868502589,0.0017094035833510055,0.0017094034554171458,0.0017094042834279984,0.001709405241144571,0.00170940366395775,0.0017094034679071988,0.001709403228986762,0.0017094029208565566
annabel-langbein,https://www.annabel-langbein.com/garden/sustainability/ ,False,False,False,True,False,False,False,False,True,False,False,False,False,0.00010822522469076,0.9984848458717257,0.0001082253008301115,0.00010822521050728611,0.00010822524587187957,0.00010822540916000637,0.00010822528203602733,0.0001082252818724731,0.00010822522862265148,0.00010822545415540858,0.00010822534912676812,0.00010822529275818823,0.00010822523153620708,0.00010822522428501133,0.00010822539282154736
oup,https://academic.oup.com/icesjms/article/72/3/997/686282 ,False,True,False,False,False,False,False,False,True,False,False,False,False,7.156152810533663e-06,7.156159674769592e-06,7.156154661172325e-06,7.156151952562659e-06,7.156155615280061e-06,7.156158095563893e-06,7.156155519660125e-06,7.156156711864082e-06,7.156152853420706e-06,7.156159745900103e-06,7.156157895655605e-06,7.156153960926013e-06,7.156152858068003e-06,7.1561526177490225e-06,0.9998998138250269
citieswithnature,https://citieswithnature.org/ ,False,False,False,False,True,False,False,False,True,False,False,False,False,0.0,0.0,0.0,0.0,0.0,0.0,0.0,0.0,0.0,0.0,0.0,0.0,0.0,0.0,0.0
dhl,https://www.dhl.com/en.html ,True,False,False,False,False,False,False,False,True,False,False,False,False,0.0,0.0,0.0,0.0,0.0,0.0,0.0,0.0,0.0,0.0,0.0,0.0,0.0,0.0,0.0
kingspan,https://www.kingspan.com/gb/en-gb/products/insulation-boards/insulation-boards/therma/thermawall-tw55 https://www.kingspan.com/nz/en-nz https://www.kingspan.com/group/about/sustainability https://www.kingspan.com/gb/en-gb/about-kingspan/kingspan-insulation/sustainability ,True,False,False,True,False,False,False,False,True,False,False,False,False,0.0007092205750555311,0.9900709064367811,0.0007092205764214947,0.000709220431364087,0.0007092212653026347,0.0007092215658399949,0.0007092209754969181,0.000709220351080745,0.0007092205368620095,0.0007092207656567224,0.0007092234538611343,0.0007092207995824639,0.0007092205174867679,0.0007092206386861139,0.000709221110522454
nasdaq,https://www.nasdaq.com/articles/tony-martens%3A-plant-based-solutions-for-sustainable-food-production-2020-11-06 ,False,False,True,False,False,False,False,False,True,False,False,False,False,0.0,0.0,0.0,0.0,0.0,0.0,0.0,0.0,0.0,0.0,0.0,0.0,0.0,0.0,0.0
3m,https://www.3m.com/3M/en_US/food-safety-us/resources/education/environmental-monitoring/ ,False,True,False,False,False,False,False,False,True,False,False,False,False,0.0,0.0,0.0,0.0,0.0,0.0,0.0,0.0,0.0,0.0,0.0,0.0,0.0,0.0,0.0
tesla,https://www.tesla.com/support/incentives ,False,False,False,False,True,False,False,False,True,False,False,False,False,0.0,0.0,0.0,0.0,0.0,0.0,0.0,0.0,0.0,0.0,0.0,0.0,0.0,0.0,0.0
