Id,urls,discourse: Climate change,discourse: Environment,discourse: Green growth,discourse: Sustainability,discourse: UN SDGs,area: Arctic,area: Arctic Norway,area: Extended Arctic,area: Faroed Islands,area: Greenland,area: Iceland,area: Nunavut,area: Sami,topic_0,topic_1,topic_2,topic_3,topic_4,topic_5,topic_6,topic_7,topic_8,topic_9,topic_10,topic_11,topic_12,topic_13,topic_14,X-UMAP,Y-UMAP
fas,https://fas.org/sgp/crs/misc/R41153.pdf https://fas.org/sgp/crs/misc/R41153.pdf https://fas.org/sgp/crs/misc/R41153.pdf https://fas.org/sgp/crs/misc/R41153.pdf https://fas.org/sgp/crs/misc/R41153.pdf ,True,True,True,True,False,True,False,False,False,False,False,False,False,0.0666666666666666,0.0666666666666666,0.0666666666666666,0.0666666666666666,0.0666666666666666,0.0666666666666666,0.0666666666666666,0.0666666666666666,0.0666666666666666,0.0666666666666666,0.0666666666666666,0.0666666666666666,0.0666666666666666,0.0666666666666666,0.0666666666666666,7.417605876922607,13.516983032226562
foreignpolicy,https://foreignpolicy.com/2020/12/07/forget-greenland-faroe-islands-new-strategic-gateway-to-the-arctic/ https://foreignpolicy.com/2020/10/13/arctic-competition-resources-governance-critical-minerals-shipping-climate-change-power-map/ https://foreignpolicy.com/2020/12/07/forget-greenland-faroe-islands-new-strategic-gateway-to-the-arctic/ https://foreignpolicy.com/2020/10/13/arctic-competition-resources-governance-critical-minerals-shipping-climate-change-power-map/ ,True,True,False,False,False,True,False,False,False,False,False,False,False,5.355192196237801e-06,5.355191311117692e-06,5.355191568362948e-06,5.355190939202564e-06,5.355195752749084e-06,5.355189327056843e-06,5.355195761503164e-06,5.3551880007401066e-06,5.3551899017274544e-06,5.355188370973555e-06,5.355196435596168e-06,0.9999250273139256,5.355190532402478e-06,5.355196419537765e-06,5.355189557197607e-06,5.099753379821777,13.731163024902344
europa,https://ec.europa.eu/environment/international_issues/arctic_en.htm https://eeas.europa.eu/headquarters/headquarters-homepage_en/20952/Sustainable%20Development%20in%20the%20Arctic https://s3platform.jrc.ec.europa.eu/arctic https://eeas.europa.eu/arctic-policy/eu-arctic-policy_en https://ec.europa.eu/environment/international_issues/arctic_en.htm https://ec.europa.eu/environment/international_issues/arctic_en.htm https://ec.europa.eu/environment/international_issues/arctic_en.htm ,True,True,True,True,True,True,False,False,False,False,False,False,False,1.655084748701032e-05,1.655084163343166e-05,1.655083179631237e-05,1.6550834552416657e-05,0.1645560572128734,1.655083598780057e-05,1.6550837749406846e-05,1.655082943762508e-05,1.65508347439744e-05,1.6550831766008556e-05,1.655085599732876e-05,0.8352174356879367,1.6550848350966762e-05,2.789703185483923e-05,1.6550837832842396e-05,6.567697048187256,10.618535995483398
weforum,https://www.weforum.org/agenda/2020/01/arctic-ice-melting-climate-change-global-impact/ https://www.weforum.org/agenda/archive/arctic https://www.weforum.org/agenda/2019/04/homes-like-parkas-shivering-arctic-dwellers-may-need-housing-rethink/ https://www.weforum.org/agenda/2015/09/3-industries-hit-by-arctic-change/ https://www.weforum.org/agenda/2020/01/arctic-ice-melting-climate-change-global-impact/ https://www.weforum.org/agenda/2020/01/arctic-ice-melting-climate-change-global-impact/ https://www.weforum.org/agenda/archive/arctic ,True,True,True,True,True,True,False,False,False,False,False,False,False,4.623215457549433e-05,4.623218098858812e-05,4.62321477289197e-05,4.623216295125982e-05,0.9524733162076534,4.623215396439966e-05,4.623216140823584e-05,4.62321364193734e-05,4.623216786545953e-05,4.623213783049199e-05,4.623219626435079e-05,0.0469256656220959,4.623217401352028e-05,4.623224602468683e-05,4.6232150215900544e-05,5.983278274536133,4.031637668609619
harvard,https://www.hsph.harvard.edu/news/press-releases/arctic-rivers-toxic-mercury/ https://eelp.law.harvard.edu/2017/09/arctic-national-wildlife-refuge-oil-and-gas-development/ https://hir.harvard.edu/the-arctic-circle/ https://hir.harvard.edu/the-arctic-circle/ https://sitn.hms.harvard.edu/flash/2018/arctic-apples-fresh-new-take-genetic-engineering/ ,True,True,True,False,False,True,False,False,False,False,False,False,False,2.2104381198464196e-05,2.2104375099078623e-05,2.2104366711609247e-05,2.210437078692885e-05,0.1084141025812637,2.210436462117281e-05,2.21043865135368e-05,2.210435878032332e-05,2.2104372525387844e-05,2.2104359978664848e-05,2.21043857925992e-05,0.8872570210416334,2.2104383484381037e-05,0.0040636239054203,2.2104366190383308e-05,6.309537887573242,11.225956916809082
rcinet,https://www.rcinet.ca/eye-on-the-arctic/2021/03/23/arctic-canada-needs-better-waste-management-says-report/ https://www.rcinet.ca/eye-on-the-arctic/ https://www.rcinet.ca/eye-on-the-arctic/2020/06/23/can-climate-adaptation-be-culturally-sustainable-in-the-arctic/ https://www.rcinet.ca/eye-on-the-arctic/ https://www.rcinet.ca/eye-on-the-arctic/2021/03/22/arctic-council-finalizes-plans-for-largely-virtual-ministerial-in-may/ ,False,True,True,True,True,True,False,False,False,False,False,False,False,7.84316217323652e-05,7.843153174988621e-05,7.843147471644222e-05,7.843148538993438e-05,0.2309015984531429,7.843149669358216e-05,7.84315521896872e-05,7.843147014000243e-05,7.84315104845473e-05,7.843147021373021e-05,0.1453293792494896,0.595348255692693,7.843157885968532e-05,0.0275580198979835,7.843151452108959e-05,5.300585746765137,10.778900146484375
nasa,https://climate.nasa.gov/blog/2861/arctic-and-antarctic-sea-ice-how-are-they-different/ https://earthobservatory.nasa.gov/images/147746/the-long-decline-of-arctic-sea-ice https://earthobservatory.nasa.gov/images/147049/phytoplankton-surge-in-arctic-waters https://climate.nasa.gov/news/2902/nasa-studies-how-arctic-wildfires-change-the-world/ https://climate.nasa.gov/blog/2861/arctic-and-antarctic-sea-ice-how-are-they-different/ https://earthobservatory.nasa.gov/images/147746/the-long-decline-of-arctic-sea-ice https://earthobservatory.nasa.gov/images/147049/phytoplankton-surge-in-arctic-waters https://climate.nasa.gov/news/3023/2020-arctic-sea-ice-minimum-at-second-lowest-on-record/ https://www.nasa.gov/feature/goddard/2016/nasa-studies-details-of-a-greening-arctic/ https://www.nasa.gov/feature/goddard/2016/nasa-studies-details-of-a-greening-arctic/ https://www.nasa.gov/feature/goddard/2020/2020-arctic-sea-ice-minimum-at-second-lowest-on-record/ https://climate.nasa.gov/blog/2861/arctic-and-antarctic-sea-ice-how-are-they-different/ https://earthobservatory.nasa.gov/images/147049/phytoplankton-surge-in-arctic-waters https://www.nasa.gov/feature/goddard/2016/nasa-studies-details-of-a-greening-arctic/ https://climate.nasa.gov/news/3023/2020-arctic-sea-ice-minimum-at-second-lowest-on-record/ https://earthobservatory.nasa.gov/Features/WorldOfChange/sea_ice.php https://climate.nasa.gov/blog/2861/arctic-and-antarctic-sea-ice-how-are-they-different/ https://climate.nasa.gov/news/3023/2020-arctic-sea-ice-minimum-at-second-lowest-on-record/ ,True,True,True,True,False,True,False,False,False,False,False,False,False,1.920677570851703e-05,1.9206811140847566e-05,1.9206778647196283e-05,1.9206803673962373e-05,0.999731104883558,1.9206778295092408e-05,1.9206788663237265e-05,1.920677481471642e-05,1.9206788522086613e-05,1.9206776520331152e-05,1.9206787581940734e-05,1.920679275039004e-05,1.920679051798293e-05,1.920689022324823e-05,1.920677938231517e-05,5.300235748291016,3.6223549842834473
investingnews,https://investingnews.com/daily/resource-investing/mining-in-the-arctic/ ,False,True,False,False,False,True,False,False,False,False,False,False,False,0.0001064963505524,0.0001064964728704,0.0001064964019896,0.0001064964476172,0.2950763564641234,0.0001064964482882,0.0872500339475262,0.0001064964260854,0.0001064964839513,0.0001064963986986,0.000106496520045,0.6029997016652928,0.0001064964556245,0.0135024470905439,0.0001064964267903,6.706953048706055,9.699134826660156
wwf,https://www.wwf.org.uk/where-we-work/arctic https://www.wwf.org.uk/where-we-work/arctic https://www.wwf.org.uk/where-we-work/arctic https://www.wwf.org.uk/where-we-work/arctic ,True,True,True,True,False,True,False,False,False,False,False,False,False,0.0001498127608009,0.0001498130045321,0.0001498128256749,0.0001498129811037,0.9863339653369768,0.0001498128909217,0.0001498129076533,0.0001498128318001,0.0001498129456332,0.0001498128417571,0.0001498130212121,0.0001498131006336,0.0001498128811042,0.0117184667427999,0.0001498129273957,6.128457069396973,3.266528844833374
panda,https://wwf.panda.org/wwf_news/?199975/Saving-the-Arctic https://wwf.panda.org/wwf_news/?199975/Saving-the-Arctic ,True,True,False,False,False,True,False,False,False,False,False,False,False,0.000127469754624,0.0001274698985632,0.0001274698626628,0.0001274698595047,0.921248055863315,0.0001274699080638,0.0001274699602497,0.0001274698879271,0.0001274699537719,0.0001274698655293,0.000127470009427,0.0770948353608782,0.000127470008858,0.0001274699083885,0.000127469898236,6.198464870452881,4.171630382537842
um,https://um.dk/en/foreign-policy/the-arctic/ https://um.dk/en/news/newsdisplaypage/?newsid=01fc577b-6bf2-4fd7-8572-5af0534cf599 https://um.dk/en/foreign-policy/the-arctic/ https://um.fi/arctic-cooperation https://um.fi/finland-s-chairmanship-of-the-arctic-council-in-2017-2019 https://um.dk/en/foreign-policy/the-arctic/ https://um.dk/en/foreign-policy/the-arctic/ https://um.dk/en/foreign-policy/the-arctic/ https://um.dk/en/foreign-policy/the-arctic/business-financng-in-the-arctic/ ,True,True,True,True,True,True,False,False,False,False,False,False,False,5.437740569657415e-05,5.437747990326934e-05,5.437744086868974e-05,5.437744397573137e-05,5.437750207334796e-05,5.437746058113715e-05,5.437744869916384e-05,5.437743713355885e-05,5.4377459078676486e-05,5.437743761100128e-05,0.0299565648789372,0.9693365280508836,5.437753268693579e-05,5.43775541675986e-05,5.4377467703478815e-05,5.2379961013793945,12.987342834472656
defensenews,https://www.defensenews.com/land/2021/01/21/army-chief-teases-new-arctic-strategy/ https://www.defensenews.com/opinion/commentary/2020/05/11/chinas-strategic-interest-in-the-arctic-goes-beyond-economics/ https://www.defensenews.com/digital-show-dailies/surface-navy-association/2021/01/11/us-navy-rolls-out-new-strategy-for-expanding-arctic-operations/ https://www.defensenews.com/opinion/commentary/2020/05/11/chinas-strategic-interest-in-the-arctic-goes-beyond-economics/ ,True,True,False,True,False,True,False,False,False,False,False,False,False,4.050233471335906e-05,4.050230885364768e-05,4.050228744686753e-05,4.05022830784335e-05,0.0034251643131386,4.050228291461695e-05,4.050229297222986e-05,4.050226891599256e-05,4.050228824707831e-05,4.0502271323236976e-05,0.2575148903673946,0.7385739177365606,4.050233542409106e-05,4.050235109023095e-05,4.050227792626254e-05,4.726509094238281,11.279956817626953
worldwildlife,https://www.worldwildlife.org/places/arctic https://www.worldwildlife.org/places/arctic https://www.worldwildlife.org/places/arctic https://www.worldwildlife.org/species/arctic-fox https://www.worldwildlife.org/places/arctic ,True,True,True,True,False,True,False,False,False,False,False,False,False,0.0001787310492346,0.0001787311816953,0.0001787312178757,0.0001787311678686,0.6585376529390196,0.000178731235148,0.0001787314375543,0.0001787311760264,0.0001787313442831,0.0001787311834414,0.0001787313918134,0.3391388409321724,0.0001787312625031,0.0001787311864466,0.0001787312949165,8.040882110595703,6.414730072021484
maritime-executive,https://maritime-executive.com/editorials/the-arctic-shipping-route-no-one-s-talking-about https://maritime-executive.com/editorials/the-arctic-shipping-route-no-one-s-talking-about ,True,True,False,False,False,True,False,False,False,False,False,False,False,3.644980717396408e-05,3.644986655161479e-05,3.6449841589619536e-05,3.644984378691121e-05,0.5281062685507982,3.644984013044196e-05,3.644986281100244e-05,3.644983139980952e-05,3.644984532991371e-05,3.644983032524615e-05,3.6449877926489485e-05,0.4714198834257179,3.6449868700108256e-05,3.644987025990173e-05,3.644983749893047e-05,8.243719100952148,7.309228897094727
arcticwwf,https://arcticwwf.org/work/climate/ https://arcticwwf.org/ https://arcticwwf.org/work/climate/ https://arcticwwf.org/newsroom/the-circle/sustainable-development-goals/why-the-arctic-needs-the-un-sustainable-development-goals/ https://arcticwwf.org/work/climate/ https://arcticwwf.org/ https://arcticwwf.org/work/climate/ https://arcticwwf.org/ https://arcticwwf.org/ https://arcticwwf.org/work/oil-and-gas/ ,True,True,True,True,True,True,False,False,False,False,False,False,False,3.112356849002637e-05,3.112362168475473e-05,3.112359251937767e-05,3.112359506832135e-05,0.8483743286123794,3.11236059444982e-05,3.112360538422255e-05,3.112359250356698e-05,3.112360655278984e-05,3.112359286014921e-05,3.112363727759828e-05,0.1512210644830617,3.112362035251405e-05,3.112365912011042e-05,3.1123606800881006e-05,6.915783405303955,4.964720726013184
uwyo,http://www-das.uwyo.edu/~geerts/cwx/notes/chap17/arctic.html http://www-das.uwyo.edu/~geerts/cwx/notes/chap17/arctic.html ,True,True,False,False,False,True,False,False,False,False,False,False,False,0.0035244022391629,7.285988936827143e-05,7.285982047330307e-05,7.285988286554388e-05,0.9877338531006924,7.285983263503288e-05,7.285991015769813e-05,7.285980967952365e-05,7.285984285738718e-05,7.28598208063728e-05,7.285985057904947e-05,7.28598886207952e-05,7.285986745517783e-05,0.0078674264192881,7.285982535827379e-05,5.986485958099365,3.4404797554016113
gia,https://www.gia.edu/gems-gemology/summer-2016-diamonds-canadian-arctic-diavik-mine https://www.gia.edu/gems-gemology/summer-2016-diamonds-canadian-arctic-diavik-mine ,False,True,False,True,False,True,False,False,False,False,False,False,False,1.2075116404704828e-05,1.2075124256964624e-05,1.2075121649756277e-05,1.2075121419420234e-05,1.2075135617122831e-05,1.2075120687568363e-05,0.9998309482475524,1.2075117989942148e-05,1.2075123184718518e-05,1.2075118204824728e-05,1.207512960638461e-05,1.207513619321174e-05,1.2075131105513665e-05,1.207513514629253e-05,1.2075120981459472e-05,6.524072170257568,9.23660945892334
noaa,https://www.arctic.noaa.gov/Arctic-News/ArtMID/5556/ArticleID/387/International-Arctic-Buoy-Programme https://www.pmel.noaa.gov/arctic-zone/gallery_np_seasons.html http://www.arctic.noaa.gov/ https://arctic.noaa.gov/report-card/report-card-2020 https://response.restoration.noaa.gov/arctic-erma https://oceanservice.noaa.gov/economy/arctic/ http://www.arctic.noaa.gov/ https://arctic.noaa.gov/report-card/report-card-2020 ,True,True,False,False,False,True,False,False,False,False,False,False,False,4.486319123324227e-05,4.486323500710051e-05,4.486323152704882e-05,4.48632290179356e-05,0.6738111392408426,4.486323232104896e-05,4.486324611394458e-05,4.486321727047299e-05,4.486323748214553e-05,4.486322150177202e-05,4.4863264614963744e-05,0.3256056386453668,4.48633046892806e-05,4.486327306524948e-05,4.4863229946295885e-05,7.902624607086182,6.143673896789551
nwf,https://www.nwf.org/Educational-Resources/Wildlife-Guide/Wild-Places/Arctic https://www.nwf.org/~/media/PDFs/Be%20Out%20There/Schoolyard%20Habitats/ArcticEnvironment.pdf ,False,True,False,False,False,True,False,False,False,False,False,False,False,0.0040397313033202,0.0001053187681094,0.0001053187118653,0.000105318739149,0.7044903725447306,0.0001053187517059,0.0001053188089709,0.0001053187129958,0.000105318805366,0.0001053187058283,0.0001053188001622,0.2902060709168678,0.0001053188038257,0.0001053188401497,0.0001053187869526,7.816555500030518,5.956106662750244
energy,https://www.energy.gov/arctic/arctic-energy-office https://www.energy.gov/arctic/arctic-energy-office https://www.energy.gov/arctic/arctic-energy-office https://www.energy.gov/arctic/arctic-energy-office ,True,True,True,True,False,True,False,False,False,False,False,False,False,0.009965610881161,0.0001598722820259,0.0001598722763121,0.0001598722665792,0.0001598724437437,0.0001598723344385,0.0001598723028615,0.0001598722357937,0.0001598723767369,0.000159872247191,0.0001598724478025,0.94435625545999,0.0437596656996729,0.0001598724243664,0.0001598723213238,5.483551025390625,13.105116844177246
gizmodo,https://earther.gizmodo.com/the-arctic-is-undergoing-changes-scientists-never-expec-1840344312 https://earther.gizmodo.com/the-arctic-is-undergoing-changes-scientists-never-expec-1840344312 ,True,True,False,False,False,True,False,False,False,False,False,False,False,0.000160642664069,0.0001606428198907,0.0001606427193555,0.0001606427294768,0.9977510007337438,0.0001606427678373,0.0001606427908412,0.0001606427207836,0.0001606428725514,0.0001606427250321,0.0001606429003102,0.0001606432439489,0.0001606427743807,0.0001606427726079,0.0001606427651703,5.313488006591797,3.1839561462402344
ucalgary,https://arctic.ucalgary.ca/ https://arctic.ucalgary.ca/jim-bourque-scholarship https://arctic.ucalgary.ca/ https://arctic.ucalgary.ca/ https://arctic.ucalgary.ca/ ,True,True,True,True,False,True,False,False,False,False,False,False,False,0.0001400560605555,0.0001400563388847,0.0001400561801475,0.0001400562152472,0.0001400563841266,0.0001400562301915,0.0001400563808576,0.0001400561835002,0.0001400562336739,0.0001400561877747,0.000140056374897,0.7461617939740158,0.2254352090663836,0.026722321943588,0.0001400562461555,7.009984493255615,11.37541675567627
nsidc,https://nsidc.org/cryosphere/arctic-meteorology/arctic.html https://nsidc.org/cryosphere/arctic-meteorology/arctic-people.html https://nsidc.org/cryosphere/arctic-meteorology/arctic.html https://nsidc.org/cryosphere/arctic-meteorology/arctic-people.html https://nsidc.org/arcticseaicenews/ https://nsidc.org/cryosphere/arctic-meteorology/arctic.html http://nsidc.org/arcticseaicenews/ https://nsidc.org/cryosphere/arctic-meteorology/arctic-people.html ,True,True,True,True,False,True,False,False,False,False,False,False,False,0.0105960625064257,3.297071791843229e-05,3.297069014650007e-05,3.297070505902691e-05,0.9784538005695436,3.297069624527401e-05,3.297071955879065e-05,3.2970688387128934e-05,3.297070649927256e-05,3.297068758398756e-05,3.297071291305419e-05,3.2970734885985816e-05,3.297070081452859e-05,0.0105544884635457,3.29707004729098e-05,5.915169715881348,3.4076006412506104
un,https://www.un.org/en/chronicle/article/climate-change-arctic-inuit-reality https://www.un.org/en/chronicle/article/climate-change-arctic-inuit-reality https://news.un.org/en/story/2020/07/1068961 https://news.un.org/en/story/2021/03/1086752 https://news.un.org/en/story/2021/03/1086752 https://www.un.org/en/chronicle/article/arctic-ocean-and-sea-ice-our-nuna ,False,True,False,False,True,True,False,False,False,False,False,False,False,3.380665059915635e-05,3.380668752119595e-05,3.380666458253449e-05,3.380667562415587e-05,0.5579019243057309,3.38066758808697e-05,3.380671068745296e-05,3.380666487774515e-05,3.380668595285982e-05,3.3806664580899855e-05,3.380670753238607e-05,0.4230982013927952,3.3806681570647944e-05,0.0185941941505128,3.380668155101516e-05,8.03302001953125,7.246869087219238
heritage,https://www.heritage.org/defense/report/arctic-region-us-policy-arctic-security https://www.heritage.org/global-politics/report/chinas-increasing-role-the-arctic ,False,True,False,False,False,True,False,False,False,False,False,False,False,7.662837649232223e-05,7.662844150272431e-05,7.662849007438278e-05,7.662843800747026e-05,7.662852927111976e-05,7.662844803663093e-05,7.662845254838956e-05,7.662842636003091e-05,7.662845664663206e-05,7.662842674591082e-05,0.2290559376238826,0.7699478924647066,7.662847612087299e-05,7.662850476980314e-05,7.66284448344195e-05,4.795047283172607,11.202128410339355
geology,https://geology.com/articles/arctic-oil-and-gas/ https://geology.com/articles/arctic-oil-and-gas/ ,True,True,False,False,False,True,False,False,False,False,False,False,False,5.947078536141263e-05,5.9470828441088006e-05,5.947084158384679e-05,5.9470812612912464e-05,0.0121291101302544,5.9470792400097495e-05,0.0935671190269083,5.947077673510277e-05,5.947079871277016e-05,5.947078051889497e-05,5.947081792493005e-05,0.8935901210524344,5.9470848901892016e-05,5.94708981312748e-05,5.947080907842143e-05,5.956643581390381,11.555329322814941
thediplomat,https://thediplomat.com/2019/01/chinas-busy-year-in-the-arctic/ ,False,True,False,False,False,True,False,False,False,False,False,False,False,0.0001421464465962,0.0001421466452151,0.0001421469089528,0.0001421466174735,0.1202026592312292,0.0001421466091032,0.0001421466333349,0.0001421465597065,0.0001421466188972,0.0001421465662386,0.1127561405655797,0.7158531398549176,0.0001421467166673,0.0496244474407123,0.0001421465853751,5.25582218170166,11.110095977783203
nytimes,https://www.nytimes.com/2019/05/24/climate/china-arctic.html ,False,True,False,False,False,True,False,False,False,False,False,False,False,0.0001299545553049,0.0001299548733126,0.000129954688961,0.0001299547221338,0.0330811239591418,0.0001299546993592,0.0001299547570324,0.0001299546471703,0.0001299547469937,0.0001299546509298,0.1416317083236085,0.8237277110456158,0.0001299547886351,0.0001299548620281,0.0001299546797721,4.935482501983643,11.505496978759766
bloomberg,https://www.bloomberg.com/news/articles/2020-12-12/melting-arctic-ice-means-longest-lng-sailing-season-in-northern-sea-route https://www.bloomberg.com/graphics/2017-arctic/the-political-arctic/ https://www.bloomberg.com/graphics/2017-arctic/the-political-arctic/ https://www.bloomberg.com/graphics/2017-arctic/ https://www.bloomberg.com/news/articles/2021-01-06/secret-bids-opened-in-rare-auction-of-arctic-oil-drilling-rights https://www.bloomberg.com/graphics/2017-arctic/ ,True,True,True,True,False,True,False,False,False,False,False,False,False,0.0001675042382901,0.0001675047022247,0.0395728711830249,0.0001675046490259,0.6372548118637522,0.0001675044454774,0.0001675044731794,0.0001675043844944,0.0001675045659342,0.0001675043888862,0.0001675046034363,0.2707181374761758,0.0506116297222762,0.0001675048889194,0.0001675044149023,8.028753280639648,6.306879043579102
nike,https://purpose.nike.com/arctic-pledge https://purpose.nike.com/arctic-pledge https://purpose.nike.com/arctic-pledge https://purpose.nike.com/arctic-pledge ,True,True,True,True,False,True,False,False,False,False,False,False,False,0.000106666732002,0.000106666788146,0.0001066668228372,0.0001066667839514,0.7505498436198466,0.0001066668632108,0.0001066668338736,0.0001066667919289,0.0001066668683556,0.0001066667934011,0.0001066668922817,0.2480634877870278,0.0001066668379031,0.0001066667569109,0.0001066668283227,7.644341945648193,5.731169700622559
thenewhumanitarian,https://deeply.thenewhumanitarian.org/arctic ,False,True,False,False,False,True,False,False,False,False,False,False,False,0.0001622065677411,0.0001622062951179,0.000162206250842,0.0001622062336626,0.3189764501863009,0.0001622062806424,0.0001622064199134,0.0001622062136492,0.0121813077976312,0.0001622062055507,0.0001622064170856,0.6310697549425075,0.0001622064921442,0.0359882174262644,0.0001622062709463,7.084262371063232,9.943605422973633
dezeen,https://www.dezeen.com/tag/arctic/ https://www.dezeen.com/tag/arctic/ https://www.dezeen.com/tag/arctic/ ,True,True,False,True,False,True,False,False,False,False,False,False,False,0.0010928964558382,0.0010928980256419,0.001092898337619,0.0010928981306438,0.9096682425651832,0.0010928981504942,0.0010928981420241,0.0010928974999726,0.0010928983835738,0.0010928975178164,0.0010928989729029,0.0010929014010258,0.0010928984792163,0.0761240802709473,0.0010928976670999,6.386655330657959,3.2372539043426514
mmc,https://www.mmc.gov/priority-topics/arctic/climate-change/ ,False,True,False,False,False,True,False,False,False,False,False,False,False,9.311008185985694e-05,9.311003543167527e-05,9.310996329167922e-05,9.311001326492778e-05,0.9986964595165512,9.310998027756354e-05,9.311007091777906e-05,9.310996128122903e-05,9.310999640537368e-05,9.310996895242193e-05,9.311015552501742e-05,9.311010429744984e-05,9.311005736724356e-05,9.311012306414758e-05,9.31099715125428e-05,5.652640342712402,3.3898026943206787
npr,https://www.npr.org/2021/01/06/953718234/major-oil-companies-take-a-pass-on-controversial-lease-sale-in-arctic-refuge ,False,True,False,False,False,True,False,False,False,False,False,False,False,0.0020833353229905,0.0020833385682091,0.0020833365651344,0.0020833373370594,0.0020833378706165,0.0020833384676497,0.0020833363355137,0.0020833363590525,0.0020833376566416,0.0020833363902796,0.0020833375755053,0.0020833390151496,0.8955558329658639,0.0773607829171027,0.0020833366532309,13.307863235473633,6.852823257446289
biologicaldiversity,https://www.biologicaldiversity.org/programs/public_lands/energy/dirty_energy_development/oil_and_gas/arctic/index.html https://www.biologicaldiversity.org/programs/public_lands/energy/dirty_energy_development/oil_and_gas/arctic/index.html ,True,True,False,False,False,True,False,False,False,False,False,False,False,0.0001159421552907,0.0001159421878675,0.0001159421773797,0.000115942166884,0.1881017518488375,0.0001159421881983,0.0001159423399085,0.0001159421507798,0.000115942240765,0.0001159421550454,0.0001159422912231,0.8103909993120009,0.0001159423411606,0.0001159422611838,0.0001159421834744,6.7033467292785645,10.562840461730957
foreignaffairs,https://www.foreignaffairs.com/articles/commons/2019-09-24/arctic-spring https://www.foreignaffairs.com/articles/united-states/2020-09-29/phantom-peril-arctic https://www.foreignaffairs.com/articles/commons/2019-09-24/arctic-spring ,True,True,False,False,False,True,False,False,False,False,False,False,False,3.486778490663819e-05,3.486755758836788e-05,3.486755360939577e-05,3.486755398357954e-05,0.0002041005889279,3.4867559088214835e-05,3.486757394248843e-05,3.486754399278076e-05,3.486756363358947e-05,3.4867545771900014e-05,3.486759582795989e-05,0.9993426208609066,3.486756453466227e-05,3.486759351433594e-05,3.486755977156443e-05,5.230873107910156,13.812695503234863
theatlantic,https://www.theatlantic.com/science/archive/2019/02/artic-ice-melt-could-open-maine-trade/582349/ ,False,True,False,False,False,True,False,False,False,False,False,False,False,0.0007843138896841,0.0007843146060027,0.0007843145540983,0.0007843145890333,0.2017835509973017,0.0007843148944357,0.0007843162303149,0.0007843145726643,0.0007843153459225,0.0007843145428277,0.00078431546735,0.7880203554086594,0.0007843147557117,0.0007843146864852,0.0007843154595078,6.8625593185424805,10.444140434265137
arctic,https://www.arctic.gov/ https://www.arctic.gov/ https://www.arctic.de/en/ https://www.arctic.com/aam/en ,True,True,True,True,False,True,False,False,False,False,False,False,False,0.000210305673465,0.0002103053807474,0.0002103052587835,0.0002103052473678,0.0002103055221295,0.0002103054127765,0.0002103053420008,0.0002103052256159,0.0002103052871406,0.0002103052169628,0.0002103055076494,0.8420301471355863,0.0267621834336991,0.1286840049134551,0.0002103054426198,6.769090175628662,12.269458770751953
greenfacts,https://www.greenfacts.org/en/arctic-climate-change/ https://www.greenfacts.org/en/arctic-climate-change/ https://www.greenfacts.org/en/arctic-climate-change/ ,True,True,True,False,False,True,False,False,False,False,False,False,False,3.565087416803495e-05,3.565068750029364e-05,3.565066964360456e-05,3.5650668294232595e-05,0.9958645195945254,3.565067370961634e-05,3.5650682413286936e-05,3.565065909284701e-05,3.565068305016794e-05,3.565066038678617e-05,3.5650704621097654e-05,3.565072458276268e-05,3.565069251236848e-05,0.0036720213460964,3.565067940290149e-05,5.718476295471191,3.618513345718384
unep,https://www.unep.org/explore-topics/oceans-seas/what-we-do/working-regional-seas/regional-seas-programmes/arctic-region https://ozone.unep.org/unusual-conditions-over-arctic ,False,False,False,False,True,True,False,False,False,False,False,False,False,0.0007662864039955,0.0007662846543689,0.0007662845297751,0.0007662846309372,0.98927200934854,0.0007662844928698,0.0007662849839017,0.0007662844247782,0.0007662851027946,0.0007662844391181,0.0007662846552283,0.000766285058097,0.0007662869224958,0.0007662856145452,0.0007662847385535,5.312055587768555,2.7153615951538086
ospar,https://www.ospar.org/about/international-cooperation/the-arctic-council https://www.ospar.org/convention/the-north-east-atlantic/i ,False,False,False,False,True,True,False,False,False,False,False,False,False,0.0002185792837722,0.0002185794938519,0.0002185794972789,0.000218579458041,0.5593979853333199,0.0002185795553459,0.0002185796230944,0.0002185794667478,0.0002185795190307,0.0002185794800043,0.23624206135869,0.2017369990934449,0.000218579603497,0.0002185795458613,0.0002185796880191,8.073594093322754,6.339221477508545
uarctic,https://www.uarctic.org/about-uarctic/ https://www.uarctic.org/news/2020/9/ https://education.uarctic.org/universities/norway/23903/norwegian-university-of-life-sciences https://www.uarctic.org/ https://www.uarctic.org/ https://education.uarctic.org/universities/ https://education.uarctic.org/ ,False,False,True,True,True,True,False,False,False,False,False,False,False,0.0001904769023535,0.0001904765753296,0.0001904764387685,0.0001904764492422,0.0694947695615578,0.0001904765026084,0.0001904766224828,0.0001904764275925,0.0001904764719103,0.0001904764276075,0.0001904766459219,0.6550237692563758,0.1860716175597014,0.0873146015980602,0.0001904765604868,7.147855758666992,11.559206008911133
state,https://www.state.gov/key-topics-office-of-ocean-and-polar-affairs/arctic/ https://2009-2017.state.gov/e/oes/ocns/opa/arc/uschair/index.htm https://www.state.gov/key-topics-office-of-ocean-and-polar-affairs/arctic/ https://www.state.gov/key-topics-office-of-ocean-and-polar-affairs/arctic/ https://www.state.gov/key-topics-office-of-ocean-and-polar-affairs/arctic/ ,True,True,True,True,True,True,False,False,False,False,False,False,False,4.158870296869016e-05,4.158874127155224e-05,4.158872836284634e-05,4.1588734511815616e-05,4.158879050092622e-05,4.158874075340646e-05,4.1588756824494665e-05,4.158872671986808e-05,4.158873819767152e-05,4.158872670501723e-05,0.2045742342898549,0.7841499337929033,4.1588797287678365e-05,0.0107767669947726,4.158873836509677e-05,4.785202980041504,11.212591171264648
yale,https://e360.yale.edu/features/how-melting-permafrost-is-beginning-to-transform-the-arctic https://e360.yale.edu/features/how-melting-permafrost-is-beginning-to-transform-the-arctic ,True,True,False,False,False,True,False,False,False,False,False,False,False,6.391819799740425e-05,6.391829346623494e-05,6.391826510719545e-05,6.39182872446526e-05,0.805644565960197,6.391828552838289e-05,0.0125716950232693,6.39182590284304e-05,0.181016719548967,6.391825308548073e-05,6.391830329855517e-05,6.391835282140192e-05,6.391826743698097e-05,6.391838887960473e-05,6.391831367249275e-05,6.375326633453369,4.304233551025391
climate,https://www.climate.gov/news-features/understanding-climate/2020-arctic-report-card-climategov-visual-highlights https://toolkit.climate.gov/regions/alaska-and-arctic https://toolkit.climate.gov/regions/alaska-and-arctic https://www.climate.gov/news-features/understanding-climate/polar-opposites-arctic-and-antarctic https://www.climate.gov/news-features/understanding-climate/2020-arctic-report-card-climategov-visual-highlights ,True,True,False,False,False,True,False,False,False,False,False,False,False,4.816958396196828e-05,4.816964876575646e-05,4.81696073052033e-05,4.816963404551682e-05,0.986755480166185,4.816961387500943e-05,4.816962534539152e-05,4.816960268042179e-05,4.816963589418118e-05,4.816960531973541e-05,4.816965864027375e-05,4.8169679016085776e-05,4.81696180733947e-05,0.0126183147087363,4.816961215553836e-05,5.989316463470459,3.484665632247925
journalsofindia,https://journalsofindia.com/indias-arctic-policy/ ,False,False,False,False,True,True,False,False,False,False,False,False,False,0.0001005533955532,0.0001005531998954,0.0001005531640182,0.0001005531783052,0.1372738991554544,0.0001005531779826,0.0001005532078871,0.0001005531478379,0.0001005531899432,0.0001005531568076,0.1653574202870986,0.6859219228374295,0.0001005532852541,0.0103406724341855,0.000100553182347,5.029387950897217,11.019107818603516
arcticyearbook,https://arcticyearbook.com/arctic-yearbook/2019 https://arcticyearbook.com/arctic-yearbook/2018 https://arcticyearbook.com/arctic-yearbook/2018 https://arcticyearbook.com/arctic-yearbook/2020 https://arcticyearbook.com/arctic-yearbook/2019 ,False,False,True,True,True,True,False,False,False,False,False,False,False,5.767014025451033e-05,5.767020413788045e-05,5.76701983016669e-05,5.76701932151313e-05,5.767027188907169e-05,5.767020008992843e-05,5.767030382458804e-05,5.767018647129418e-05,5.767020505342629e-05,5.767018866752958e-05,0.1354105993617171,0.8638396878033479,5.7670257686392144e-05,5.767027071843034e-05,5.767021462516035e-05,4.802148818969727,11.416495323181152
nature,https://www.nature.com/articles/s41558-019-0688-1 https://www.nature.com/articles/s41467-020-19923-2 https://www.nature.com/articles/s41558-020-0905-y ,True,True,False,False,True,True,False,False,False,False,False,False,False,1.6010296136415443e-05,1.6010277587300118e-05,1.601026862231813e-05,1.6010272261174513e-05,0.9940173431096856,1.6010268616511485e-05,1.6010285560205847e-05,1.601026504518905e-05,1.601027029110445e-05,1.60102660174539e-05,1.601028481067708e-05,1.6010289498210124e-05,0.0057745232766918,1.6010295569075316e-05,1.6010273606651137e-05,5.396215915679932,3.766819953918457
csis,https://www.csis.org/analysis/implications-us-policy-stagnation-toward-arctic-region https://www.csis.org/regions/arctic https://www.csis.org/analysis/shifting-currents-arctic https://www.csis.org/regions/arctic https://www.csis.org/regions/arctic ,True,True,True,True,False,True,False,False,False,False,False,False,False,2.336741166344137e-05,2.336725361997887e-05,2.3367252329248924e-05,2.3367251010240332e-05,2.336728093872518e-05,2.3367250821524732e-05,2.3367269312594e-05,2.3367241960682462e-05,2.3367251336494587e-05,2.336724318536928e-05,2.3367279784259703e-05,0.999672858214908,2.3367272152418245e-05,2.336727608098743e-05,2.33672508961269e-05,5.1920270919799805,13.7558012008667
norden,https://www.norden.org/en/information/nordic-council-ministers-arctic-co-operation-programme-2018-2021 https://www.norden.org/en/nyhed/you-can-now-apply-funding-arctic-projects https://www.norden.org/en/nordic-region-arctic ,False,False,False,True,True,True,False,False,False,False,False,False,False,0.0002635046681825,0.0002635050465853,0.0002635048991086,0.0002635049033725,0.0002635051739215,0.0002635049534585,0.0002635049871193,0.0002635048677738,0.0002635049482416,0.0002635048623899,0.000263505317377,0.3918652777677101,0.0002635053324696,0.0002635056464362,0.6047091566258529,9.84975814819336,6.84937858581543
polarconnection,https://polarconnection.org/biden-presidency-arctic/ http://polarconnection.org/arctic-infrastructure-standard/ ,False,False,False,False,True,True,False,False,False,False,False,False,False,2.850228203749886e-05,2.850226534722303e-05,2.850226924407744e-05,2.850225617691115e-05,0.0064452248680471,2.85022555884156e-05,2.8502288902948747e-05,2.850224609431793e-05,2.8502257061499155e-05,2.8502245957970912e-05,2.85022779755594e-05,0.9931842456505467,2.850228236739988e-05,2.850229787541133e-05,2.8502256776910315e-05,5.201726913452148,13.461380958557129
military,https://www.military.com/podcasts/left-of-boom/2021/01/04/us-losing-fight-arctic-dominance.html ,False,True,False,False,False,True,False,False,False,False,False,False,False,0.0056202765085953,3.885012900446697e-05,3.885008861028919e-05,3.88501175386475e-05,0.0650825736402682,3.885010762016338e-05,3.885010209537281e-05,3.885008610367272e-05,3.885012094195392e-05,3.8850086240157616e-05,3.8850138769313175e-05,0.9288309484981414,3.8850127962501925e-05,3.885015394830897e-05,3.885009416025542e-05,6.180145263671875,11.830482482910156
visualcapitalist,https://www.visualcapitalist.com/breaking-the-ice-mapping-changing-arctic/ https://www.visualcapitalist.com/the-race-for-arctic-domination/ https://www.visualcapitalist.com/breaking-the-ice-mapping-changing-arctic/ ,False,False,False,True,True,True,False,False,False,False,False,False,False,8.261051874907403e-05,8.26106396887224e-05,8.261059439376073e-05,8.261062163917869e-05,0.1272275947528527,8.261059590665079e-05,8.261066897362276e-05,8.261057599709464e-05,8.261062756556344e-05,8.261057727511082e-05,8.261064762425969e-05,0.8716984672474501,8.261064842270629e-05,8.261070008603854e-05,8.261058337525172e-05,6.385053634643555,11.063180923461914
nsf,https://www.nsf.gov/pubs/2021/nsf21526/nsf21526.htm ,False,True,False,False,False,True,False,False,False,False,False,False,False,2.098418947438703e-05,2.0984187042529977e-05,2.0984183415747343e-05,2.0984181229661277e-05,2.0984205180897084e-05,2.0984184222214992e-05,2.098419012406701e-05,2.098417706909178e-05,2.098418420369765e-05,2.098417678537229e-05,2.098420539751086e-05,2.0984216118524756e-05,0.9934880793010452,0.0062391262354963,2.098418319472285e-05,13.215751647949219,6.787369251251221
c2g2,https://www.c2g2.net/c2glearn-arctic/ ,False,False,False,False,True,True,False,False,False,False,False,False,False,5.717555541112351e-05,5.717564358282527e-05,5.717559955568017e-05,5.71756019786875e-05,0.0231263293007965,5.717561516522409e-05,5.7175624303489805e-05,5.71755918665938e-05,5.7175615322835606e-05,5.7175595827192056e-05,0.9037526691005572,0.0724348941386066,5.717569411603608e-05,5.717571206278476e-05,5.717561084715975e-05,1.0299642086029053,7.622716426849365
ulaval,https://arcticnet.ulaval.ca/ https://arcticnet.ulaval.ca/ ,True,True,False,False,False,True,False,False,False,False,False,False,False,0.9999634288083716,2.6122280412067367e-06,2.612227976037033e-06,2.61222794963438e-06,2.612227911915637e-06,2.612228060276833e-06,2.612228039409085e-06,2.6122279799423806e-06,2.612227935878429e-06,2.612227972664143e-06,2.612227911501589e-06,2.612227900461214e-06,2.612227935860667e-06,2.612227897486425e-06,2.6122281163531247e-06,10.319536209106445,7.721811771392822
arcticfrontiers,https://www.arcticfrontiers.com/pillar/plenary/ https://www.arcticfrontiers.com/about-the-conference/ https://www.arcticfrontiers.com/about-the-conference/ ,False,False,True,True,True,True,False,False,False,False,False,False,False,0.0001279594854259,0.0001279594189202,0.0001279592064136,0.0001279592077028,0.0001279594956282,0.0001279592628881,0.0001279592502961,0.0001279592016841,0.0001279592428323,0.0001279592010348,0.0001279593642895,0.9001242925618687,0.0001279594413809,0.098212236393706,0.0001279592659279,6.5722808837890625,12.266837120056152
dtu,https://www.dtu.dk/english/education/msc/about-dtus-msc-programmes/arctic-semester https://www.dtu.dk/english/news/2014/03/satellites-in-new-orbits-aid-arctic-monitoring??id=92647bb0-0f8e-4b71-9947-b504c717b558 https://arctic.dtu.dk/ https://arctic.dtu.dk/ ,False,False,True,True,True,True,False,False,False,False,False,False,False,0.0002063993952051,0.000206398760249,0.0002063986529613,0.0002063986608359,0.5655770263212146,0.0002063987000993,0.0002063988620317,0.0002063986364561,0.0002063986913823,0.0002063986241282,0.0002063987759336,0.3973625093689342,0.034583678800621,0.0002063990222082,0.0002063987277388,8.316742897033691,7.077271938323975
euractiv,https://www.euractiv.com/section/arctic-agenda/news/new-deal-to-prevent-unregulated-arctic-fishing-approved-by-eu-and-partners/ https://www.euractiv.com/section/arctic-agenda/news/fault-lines-surface-in-arctic-as-region-turns-into-geopolitical-hot-spot/ ,False,False,False,False,True,True,False,False,False,False,False,False,False,9.363301316805164e-05,9.363313437786314e-05,9.363309870408404e-05,9.36331179890046e-05,0.0976322850046316,9.363309296643494e-05,9.363311639611217e-05,9.36330561412913e-05,9.363309769133923e-05,9.363306292103418e-05,9.363319720382058e-05,0.9011504845895524,9.363310164046432e-05,9.363324357288186e-05,9.363307304348734e-05,6.268336772918701,11.259056091308594
arcticcentre,"https://www.arcticcentre.org/EN/research https://www.arcticcentre.org/EN/About/Contacts/Staff/Stepien,-Adam https://www.arcticcentre.org/EN/arcticregion https://www.arcticcentre.org/EN/arcticregion/Arctic-Indigenous-Peoples https://www.arcticcentre.org/EN/arcticregion https://www.arcticcentre.org/EN/research ",False,False,True,True,True,True,False,False,False,False,False,False,False,4.528988279979097e-05,4.528993307284893e-05,4.528990170086965e-05,4.528990901727613e-05,0.0422238496474531,4.5289910724228405e-05,4.5289941927797295e-05,4.528989918112752e-05,4.528991893365923e-05,4.52899005352088e-05,0.948495624501415,4.528997523820899e-05,4.528994150440012e-05,0.0087370468128527,4.528992364374998e-05,0.9002807140350342,7.493704795837402
inuitcircumpolar,https://www.inuitcircumpolar.com/ https://www.inuitcircumpolar.com/about-icc/ https://www.inuitcircumpolar.com/about-icc/ ,False,False,False,False,True,True,False,False,False,False,False,False,False,0.0002222223600874,0.0002222228804616,0.0002222225025969,0.0002222225425769,0.0002222227363993,0.0002222225291771,0.0002222225195098,0.0002222224821665,0.0002222225486386,0.0002222224629099,0.0002222227940763,0.9968888829276288,0.0002222230159683,0.0002222229853942,0.0002222227124077,5.617966175079346,13.362223625183105
highnorthnews,https://www.highnorthnews.com/en/end-arctic-council-and-arctic-governance-we-know-it ,False,False,False,False,True,True,False,False,False,False,False,False,False,7.742970010404531e-05,7.7429453691043e-05,7.742941972587169e-05,7.742942328408779e-05,7.742949385233192e-05,7.742944076666705e-05,7.742943306074985e-05,7.74294089078973e-05,7.742943787909441e-05,7.742940783054331e-05,0.9989159873683212,7.742954641565812e-05,7.742946928661786e-05,7.742953843891496e-05,7.742945843536705e-05,0.8279353976249695,7.4213643074035645
government,https://www.government.se/4ab869/contentassets/c197945c0be646a482733275d8b702cd/swedens-strategy-for-the-arctic-region-2020.pdf ,False,False,False,False,True,True,False,False,False,False,False,False,False,0.0,0.0,0.0,0.0,0.0,0.0,0.0,0.0,0.0,0.0,0.0,0.0,0.0,0.0,0.0,10.202444076538086,7.463080406188965
sciencedirect,https://www.sciencedirect.com/science/article/pii/S1873965220300268 https://www.sciencedirect.com/science/article/pii/S1873965218301543 ,False,False,True,False,True,True,False,False,False,False,False,False,False,0.0004830919874399,0.0004830924534974,0.0004830922696598,0.0004830924478329,0.9932367049647656,0.0004830923763663,0.0004830925271044,0.0004830922248117,0.0004830924230977,0.0004830922601361,0.0004830927559793,0.0004830929365012,0.000483093035112,0.0004830928269958,0.0004830925106991,5.379469871520996,2.8133134841918945
nationalinterest,https://nationalinterest.org/blog/buzz/putin%E2%80%99s-real-arctic-playbook-demography-development-and-defense-171465 https://nationalinterest.org/feature/realism-arctic-164489 ,False,False,False,True,True,True,False,False,False,False,False,False,False,6.775069601916161e-05,6.77507762439818e-05,6.775075710442948e-05,6.775076310478685e-05,6.775084201050537e-05,6.775076575938653e-05,6.775077392059506e-05,6.775074698557091e-05,6.775077258837601e-05,6.775074738275111e-05,6.775085934560515e-05,0.9990514890822536,6.775079197819142e-05,6.77508652050112e-05,6.775076009811121e-05,5.3546223640441895,13.578909873962402
gov,https://www.gov.scot/publications/arctic-circle-assembly-2016-fm-speech/ ,False,False,False,False,True,True,False,False,False,False,False,False,False,9.732460935111204e-05,9.73237393368342e-05,9.7323740769022e-05,9.732372187000758e-05,0.2972651799597983,9.732379030627976e-05,9.732378628299203e-05,9.732373241964242e-05,9.73237860879946e-05,9.732373828988332e-05,9.732397720428328e-05,0.7014696100680843,9.73238087756414e-05,9.732374841426344e-05,9.732379300944872e-05,6.922513961791992,10.065499305725098
euobserver,https://euobserver.com/nordic/144805 ,False,False,False,False,True,True,False,False,False,False,False,False,False,0.0001484782224874,0.0001484783109321,0.0001484782518983,0.0001484782555642,0.0001484785926014,0.0001484783024268,0.0001484783142751,0.0001484782435099,0.0001484783644419,0.0001484782488157,0.6217058302830479,0.3763639514707638,0.0001484783638953,0.0001484784266856,0.0001484783486539,0.9942753314971924,7.58167839050293
Clean Arctic Alliance,https://www.facebook.com/CleanArcticAlliance/?__xts__%5B1%5D=68.ARDI2sWof43O2tVMKoGyTRgLDatgmIxg8JKnr3mGteXfMB3FuW0bRaUfSmpCKOM7Gk591lVVw4jdw4wh4t9687jN8Z0YB9Yp_dc99f7ZF42aZclA8_pHmGVdA8UJoQPDlHasC_KtNbGCBY37MVhErBD_E6sP_eehsNNCgC20GK5_mm81YFJ5l5zUL8A-NJCmPatpR8c2xiyMvmnKjh4aC5_PFjqvfQlsCGLv1R_p_Ebc207sfTx2Dn98zGVrCBpOBlB2HXVfJr-soaCiQwvnGqLa90X0edWcufxIw13wkCytv3dme46j6rvBX-5HWLF9e-y22NYgeLYPuPfzOVO2nEWNs6YDJ399Kcei7iMDe8BU3IdOXdmmxsB-kBzXf8jP4jdW ,False,False,False,False,True,True,False,False,False,False,False,False,False,0.0333333350245254,0.0333333487614093,0.0333333409716052,0.033333341651427,0.5333329499376747,0.0333333489509179,0.0333333366614666,0.0333333471263578,0.0333333431984682,0.0333333441700566,0.0333333736237533,0.0333333606038762,0.0333333378972354,0.0333335093363258,0.0333333820849001,7.568411827087402,13.629185676574707
opportunitydesk,https://opportunitydesk.org/2020/12/30/nordic-arctic-cooperation-program-2021/ ,False,False,False,False,True,True,False,False,False,False,False,False,False,0.0004329007707344,0.0004329010222958,0.0004329014456101,0.0004329008607395,0.0025064198101835,0.0004329010310716,0.0004329011841985,0.0004329009033219,0.000432901040872,0.0004329009366755,0.0004329016368123,0.5487511859324881,0.2226922283577535,0.0004329013086227,0.2212882537586202,7.171519756317139,11.063578605651855
sciencemag,https://science.sciencemag.org/content/370/6517/712.full https://science.sciencemag.org/content/358/6363/596.full https://advances.sciencemag.org/content/5/8/eaax1157.full ,False,True,True,False,True,True,False,False,False,False,False,False,False,4.58822700709353e-05,4.588215006080252e-05,4.5882154742167456e-05,4.588214166675243e-05,0.9962253329066956,4.588214494577978e-05,0.0031781989850049,4.5882136110593125e-05,4.588214408736603e-05,4.588213865386952e-05,4.58821658662864e-05,4.5882178395496826e-05,4.5882174958624186e-05,4.5882167804090175e-05,4.588214093691755e-05,5.459946155548096,3.6837213039398193
hurtigruten,https://www.hurtigruten.com/ ,False,False,False,False,True,True,False,False,False,False,False,False,False,0.0022222226915318,0.0022222255584767,0.0022222239979786,0.0022222240594997,0.5557407350077856,0.0022222272341606,0.0022222244610257,0.0022222246937614,0.0022222289378819,0.0022222244613085,0.002222226450609,0.4153703354956406,0.0022222271810141,0.0022222246999659,0.0022222250693592,8.306574821472168,7.079959392547607
interacademies,https://www.interacademies.org/sites/default/files/2020-04/Arctic_IAP_EASAC.pdf ,False,False,False,False,True,True,False,False,False,False,False,False,False,0.0,0.0,0.0,0.0,0.0,0.0,0.0,0.0,0.0,0.0,0.0,0.0,0.0,0.0,0.0,10.571850776672363,7.552433490753174
save-the-arctic,http://save-the-arctic.org/ ,False,False,False,False,True,True,False,False,False,False,False,False,False,0.0002564104097186,0.0002564107946003,0.0002564104992716,0.0002564107162485,0.7827511006393838,0.0002564106392164,0.0002564105624626,0.0002564105188095,0.0002564107145042,0.0002564105373909,0.0002564108252339,0.1880298314208448,0.0002564107240135,0.0261421404183435,0.0002564105799574,7.22331428527832,5.295156002044678
arcticbiodiversity,https://arcticbiodiversity.is/index.php/program https://www.arcticbiodiversity.is/congress ,False,False,False,False,True,True,False,False,False,False,False,False,False,6.594135821175516e-05,0.7839715321044148,6.59413844570287e-05,6.594137826150141e-05,0.1059333886839164,6.594139839028537e-05,6.594143530789537e-05,6.59413742545642e-05,6.594140316697307e-05,6.594137844023481e-05,6.594148331456621e-05,0.1093037822552141,6.594149848727472e-05,6.594146395502513e-05,6.594140020754309e-05,9.924874305725098,7.6569108963012695
Department of Arctic Geology,https://www.facebook.com/DepartmentofArcticGeologyUNIS/?__xts__%5B0%5D=68.ARB4dDBsW5aj_irFeD-cF6RzlhWHmtrhk5EBKiM0TogPeuPAgoIR9qupddEJqkQyYYnCfrlF4W4IA4v6kB_KeepaCMXDJLTO5l-FhTsuRrikuznAZ9dfapNiVXEZBy0yRhG2ZAGXPQnYg5ZY0E00zEsVf2QtePhMnxkBqF5lWdze73caq_1aBZMjxRhzeF3b4wiVIieKfjHuSksZNMbHGVrH3GBwXI-qWKHDSTBYBVhvmyk84TXKvBw-qJ-bFDJwMTze8J55xOe-byHxa5GzkF9yxmxJyYfgylBJ7SyWsrlqWbQERI53BbUDhXLPWttG9oixvSo6wg-HrTssERwLMi35j7LQRQbw5BRqwosGbsZFS1lY1DLNa-ySOVIet_DQueKTKUhv0YFisjAq6D6Sel2gg9qVfQ4hDhn3E-q1vlrfkL8-i87grcdlq7vzoipcT7Td58w9g3hoyyShjSPAzIb2ilwb1YTRSi5i73gLHmvziUoh3v8XgL6yLg ,False,False,False,False,True,True,False,False,False,False,False,False,False,0.0333333350245254,0.0333333487614093,0.0333333409716052,0.033333341651427,0.5333329499376747,0.0333333489509179,0.0333333366614666,0.0333333471263578,0.0333333431984682,0.0333333441700566,0.0333333736237533,0.0333333606038762,0.0333333378972354,0.0333335093363258,0.0333333820849001,7.330024719238281,13.417896270751953
moderndiplomacy,https://moderndiplomacy.eu/2021/02/03/conquering-the-north-the-battle-for-the-arctic/ https://moderndiplomacy.eu/2020/12/08/arctic-and-subarctic-straits-and-seas-in-trade-and-geostrategy/ ,False,False,False,False,True,True,False,False,False,False,False,False,False,5.802149458974354e-05,5.802159334944522e-05,5.80215844848395e-05,5.802158840647042e-05,0.1766870934766634,5.802154932511236e-05,5.802162790386602e-05,5.802153597874003e-05,5.802156076685734e-05,5.802153787625267e-05,5.80216075369932e-05,0.8225586260209536,5.80216096957988e-05,5.802167044110453e-05,5.802154202748815e-05,6.614102363586426,10.634203910827637
regjeringen,https://www.regjeringen.no/en/dokumenter/arctic_policy/id2830120/ ,False,False,False,False,True,True,False,False,False,False,False,False,False,1.632792761921395e-05,1.6327895773755354e-05,1.6327881755973783e-05,1.6327890745084634e-05,0.0526782318113562,1.632789006137205e-05,1.6327890479677735e-05,1.632788248176804e-05,1.632788813210976e-05,1.63278830982609e-05,1.6327903201857253e-05,0.9463687194302376,1.632789757790105e-05,0.0007571140352621,1.6327892216870407e-05,5.917205333709717,12.206095695495605
nordregio,https://nordregio.org/about/nordic-co-operation-programmes/nordic-arctic-cooperation-programme/ ,False,False,False,False,True,True,False,False,False,False,False,False,False,0.0004192873095024,0.0004192876858335,0.0004192876883716,0.0004192875905195,0.0004192881139778,0.0004192877753317,0.0004192878113592,0.0004192876224873,0.0004192877700735,0.0004192875997205,0.0004202498511772,0.3173590301303745,0.0004192883456256,0.0004192880091827,0.6771892666964623,9.927340507507324,6.939303398132324
ey,https://www.ey.com/en_dk/wef/imagine-the-arctic-of-the-future ,False,False,False,False,True,True,False,False,False,False,False,False,False,0.0008888891294838,0.0008888907854908,0.0008888899525785,0.0008888900902687,0.0008888914189079,0.0008888901991387,0.0008888905933002,0.0008888899542577,0.0008888901949418,0.000888889912443,0.0008888910677746,0.9875555339771044,0.0008888903636813,0.000888892361903,0.0008888899987248,5.927347660064697,13.665040969848633
insideclimatenews,https://insideclimatenews.org/news/12012021/trump-administration-arctic-council/ ,False,False,False,False,True,True,False,False,False,False,False,False,False,9.935444437205048e-05,9.935440640513396e-05,9.93543232216638e-05,9.93543261139707e-05,9.935446734382037e-05,9.935434566394648e-05,9.935435453788069e-05,9.935430176369096e-05,9.935435248206038e-05,9.935430120015036e-05,0.9232396080536434,0.0754687851274506,9.935440048613656e-05,9.935445905124868e-05,9.935433626423644e-05,0.9378053545951843,7.531545162200928
fao,http://www.fao.org/uploads/media/FINAL_Rome_Arctic_Declaration_2019_.pdf ,False,False,False,False,True,True,False,False,False,False,False,False,False,0.0,0.0,0.0,0.0,0.0,0.0,0.0,0.0,0.0,0.0,0.0,0.0,0.0,0.0,0.0,10.308907508850098,7.376946449279785
msn,https://www.msn.com/en-in/news/other/india-and-finland-talk-arctic-council-digital-partnership-and-climate-change/ar-BB1eGycD ,False,False,False,False,True,True,False,False,False,False,False,False,False,0.0002699056433413,0.0002699060740431,0.0002699059227521,0.0002699059766269,0.0002699061200768,0.0002699059492645,0.0002699059536032,0.0002699058518957,0.0002699059016568,0.0002699058747185,0.1795150263861416,0.8169761953980815,0.0002699062038448,0.000269906561605,0.0002699061823473,4.816843509674072,11.259251594543457
eitrawmaterials,https://eitrawmaterials.eu/project/archub2/ ,False,False,False,False,True,True,False,False,False,False,False,False,False,0.0001966572422101,0.0001966572461426,0.0001966572052771,0.0001966571426077,0.0259367468811933,0.0001966571594983,0.1408418850926082,0.000196657106803,0.0001966571408275,0.0001966571182645,0.0001966573390036,0.7752657158353746,0.0263182136770364,0.0296708664645493,0.0001966573486033,6.234201431274414,10.31658935546875
forbes,https://www.forbes.com/sites/dishashetty/2020/10/07/september-2020-was-warmest-on-record-arctic-sea-reaches-second-lowest-extent/ https://www.forbes.com/sites/trevornace/2020/06/22/the-arctic-circle-hit-101f-saturday-its-hottest-temperature-ever/ ,True,False,False,False,True,True,False,False,False,False,False,False,False,0.0001801802480615,0.000180180529071,0.00018018046057,0.000180180488599,0.9766395577254392,0.0001801804194788,0.0001801805204749,0.0001801803766933,0.0001801804485148,0.0001801804027987,0.0001801805963213,0.0001801806979129,0.0001801804940959,0.0210180961819564,0.0001801804100115,6.268284797668457,3.3259685039520264
caff,https://www.caff.is/indices-and-indicators/protected-areas-index https://www.caff.is/invasive-species ,False,False,False,True,True,True,False,False,False,False,False,False,False,0.0001010102037532,0.0001010103324294,0.0001010102371495,0.0001010102385199,0.3865310512456905,0.0001010102544515,0.0001010102615582,0.0001010102254111,0.0001010102604763,0.0001010102330854,0.0001010103560323,0.5630704513666813,0.0001010103709902,0.0491863741511971,0.0001010102625737,7.7742180824279785,8.074735641479492
arctic-council,https://arctic-council.org/en/ https://arctic-council.org/en/about/states/the-united-states/ https://arctic-council.org/en/ https://arctic-council.org/en/about/ https://arctic-council.org/en/ https://arctic-council.org/en/about/states/ ,False,False,True,True,True,True,False,False,False,False,False,False,False,0.0666666666666666,0.0666666666666666,0.0666666666666666,0.0666666666666666,0.0666666666666666,0.0666666666666666,0.0666666666666666,0.0666666666666666,0.0666666666666666,0.0666666666666666,0.0666666666666666,0.0666666666666666,0.0666666666666666,0.0666666666666666,0.0666666666666666,7.4259185791015625,13.563852310180664
devex,https://www.devex.com/news/advice-from-the-arctic-4-key-development-challenges-facing-the-far-north-94819 ,False,False,False,False,True,True,False,False,False,False,False,False,False,0.0001439885359971,0.0001439888039423,0.0001439886779088,0.0001439888015455,0.0001439890474335,0.0001439887119833,0.0001439888796136,0.0001439886670806,0.0001439888153723,0.0001439886625453,0.0001439888477178,0.997984156926368,0.0001439887739684,0.0001439890918343,0.0001439887566884,5.4542412757873535,13.513726234436035
phys,https://phys.org/news/2020-07-depth-arctic-ocean.html https://phys.org/news/2021-03-policy-arctic.html ,False,False,False,True,True,True,False,False,False,False,False,False,False,9.633914005096329e-05,9.633927687006216e-05,9.633921916885754e-05,9.633925424149265e-05,0.6417509099302127,9.633925057135764e-05,9.633925413413396e-05,9.633921585897258e-05,9.63392655588052e-05,9.633921830091332e-05,9.63393566353942e-05,0.3569966796141314,9.633934353634522e-05,9.633943464011313e-05,9.633922608853072e-05,8.04988956451416,6.549403667449951
cambridge,https://www.cambridge.org/core/journals/polar-record/article/do-the-cures-match-the-problem-reforming-the-arctic-council/2AFF7477714D3B494B9ACD34590ECED9 ,False,False,False,False,True,True,False,False,False,False,False,False,False,0.0010416735106201,0.0010416684840231,0.001041668112955,0.0010416683211835,0.0010416697555254,0.0010416686011356,0.0010416690033944,0.0010416682482762,0.0010416685054271,0.0010416683085108,0.001041669896738,0.8332553444669358,0.1532029567722028,0.0010416690976407,0.0010416689154308,6.729444980621338,11.579907417297363
thetokenizer,https://thetokenizer.io/2020/02/04/greenland-the-centre-of-the-arctic/ ,False,False,False,False,True,True,False,False,False,False,False,False,False,0.0007092200216896,0.0007092208941525,0.0007092205872302,0.0007092205451112,0.0007092218728202,0.0007092209636587,0.0007092212557887,0.000709220661723,0.0007092211479882,0.0007092206989132,0.0007092214071844,0.9900709071870604,0.0007092207014229,0.0007092212407637,0.0007092208144921,5.712608814239502,13.644554138183594
plos,https://journals.plos.org/plosone/article?id=10.1371/journal.pone.0231589 ,False,False,False,False,True,True,False,False,False,False,False,False,False,2.894779783657666e-05,2.8947793128456977e-05,2.8947784830532e-05,2.894778434393157e-05,0.9995947307457552,2.894778369440528e-05,2.8947803673413425e-05,2.894777963742694e-05,2.8947810007884777e-05,2.894779153010087e-05,2.894780804754724e-05,2.894781697501441e-05,2.8947913229149826e-05,2.894780450995768e-05,2.8947782800346123e-05,5.298194408416748,3.5769686698913574
rcaanc-cirnac,https://www.rcaanc-cirnac.gc.ca/eng/1560523306861/1560523330587 https://www.rcaanc-cirnac.gc.ca/eng/1562939617400/1562939658000 https://www.rcaanc-cirnac.gc.ca/eng/1560523306861/1560523330587 https://www.rcaanc-cirnac.gc.ca/eng/1560523306861/1560523330587 ,True,False,True,False,True,True,False,False,False,False,False,False,False,2.876174136872822e-06,2.8761716448118224e-06,2.8761698462222286e-06,2.8761705841626974e-06,2.8761725405042764e-06,2.8761707140472263e-06,2.8761714109318687e-06,2.876170004771388e-06,2.8761709899548024e-06,2.8761696429859754e-06,2.8761725426801334e-06,0.9994898623856936,2.876173099196364e-06,0.0004727473860038,2.8761711453007e-06,5.238694667816162,13.629044532775879
inmarsat,https://www.inmarsat.com/en/news/latest-news/corporate/2019/worlds-first-and-only-global-mobile-broadband-service-enhanced-with-new-arctic-capabilities.html ,False,False,False,False,True,True,False,False,False,False,False,False,False,0.0002089864638566,0.0002089867509546,0.0002089867336903,0.0002089867095503,0.0780511148812221,0.000208986798962,0.0002089867319956,0.0002089866789001,0.0002089867474108,0.0002089866729993,0.0002089868521665,0.9192320572556596,0.0002089870205952,0.0002089870056592,0.0002089866963769,6.162219524383545,11.648343086242676
newscientist,https://www.newscientist.com/article-topic/the-arctic/ ,True,False,False,False,False,True,False,False,False,False,False,False,False,0.0222222234743704,0.0222222773750828,0.0222222268662776,0.0222222276912141,0.0222222245442302,0.0222222296231161,0.0222222242530603,0.0222222274126147,0.0222222284674806,0.0222222291401785,0.0222222264893319,0.0222222282389915,0.3522059989905251,0.3589049969076593,0.0222222305258663,7.415587425231934,13.272686958312988
researchgate,https://www.researchgate.net/publication/283042184_Current_Situation_and_Future_Innovations_in_Arctic_Communications ,False,False,False,False,True,True,False,False,False,False,False,False,False,0.0042090631129519,3.829224753782106e-05,3.8292247384547565e-05,3.829223422490206e-05,0.5496921981356324,3.829223191454689e-05,3.829227183630639e-05,3.829222148715192e-05,3.8292228172259e-05,3.829222189792072e-05,3.829225202711361e-05,0.3911117722374025,0.0455273129052782,0.0090767312240029,3.829222824923378e-05,8.490727424621582,7.25315523147583
livescience,https://www.livescience.com/who-owns-the-arctic.html https://www.livescience.com/arctic-circle.html ,True,False,False,False,False,True,False,False,False,False,False,False,False,7.725004778160159e-05,7.725004346951745e-05,7.725000156034462e-05,7.725002246329397e-05,0.5900855633025144,7.725001017165208e-05,7.725006737007968e-05,7.724998710118447e-05,7.725003558862994e-05,7.724998600622267e-05,7.725008745968734e-05,0.3690267928653248,7.725007775485935e-05,0.0399606434515659,7.72500138676574e-05,7.831782341003418,7.356868267059326
thearcticinstitute,https://www.thearcticinstitute.org/beyond-polar-bears-biodiversity-loss-threatens-life-arctic/ https://www.thearcticinstitute.org/arctic-tourism-industry/ https://www.thearcticinstitute.org/publications/ https://www.thearcticinstitute.org/shifting-focus-us-arctic-policy-china-security/ https://www.thearcticinstitute.org/point-norway-new-arctic-policy/ ,False,False,True,True,True,True,False,False,False,False,False,False,False,1.160229566824542e-05,1.160229841737144e-05,1.1602287295168671e-05,1.1602287251728289e-05,0.0443752395167166,1.1602292041637e-05,1.1602293458411912e-05,1.1602286967049624e-05,1.1602295666968492e-05,1.1602287430318192e-05,1.160230417439339e-05,0.8467784546291752,1.1602297164000375e-05,0.1087070783357881,1.1602292784720344e-05,6.707248687744141,12.160099029541016
theguardian,https://www.theguardian.com/world/arctic ,True,False,False,False,False,True,False,False,False,False,False,False,False,0.0111111143270514,0.0111111226098355,0.0111111299161062,0.0111111290071139,0.0111111392127742,0.0111111297637716,0.4802989415159424,0.0111111293868909,0.0111111335012402,0.0111111276579904,0.0111111336853308,0.3752564027518307,0.011111119877223,0.0111111188942905,0.0111111278926077,6.421209812164307,9.47324275970459
listverse,https://listverse.com/2015/12/20/10-intriguing-mysteries-of-the-arctic/ ,True,False,False,False,False,True,False,False,False,False,False,False,False,0.000111111152211,0.0001111113210135,0.0001111112648629,0.000111111292079,0.7042140796592161,0.0001111112974422,0.0443377287081262,0.0001111112590189,0.0001111113402915,0.0001111112551763,0.0001111113600097,0.2501148559901014,0.000111111392021,0.0001111114127659,0.0001111112956635,7.31163215637207,6.047696590423584
nps,https://www.nps.gov/articles/aps-16-1-13.htm ,True,False,False,False,False,True,False,False,False,False,False,False,False,0.0002743493392973,0.0002743488401796,0.0002743487627386,0.0002743487618158,0.8248353890112514,0.000274348817812,0.0973693027614474,0.0002743487723301,0.000274348873457,0.0002743487586814,0.0002743490917889,0.0745031208852253,0.0002743493046589,0.0002743490721305,0.000274348947185,7.087559223175049,5.900492191314697
nationalgeographic,https://www.nationalgeographic.com/environment/article/wilderness-crown-jewel-opening-for-drilling-industry-interest-weak https://www.nationalgeographic.org/activity/arctic-adaptations/ https://www.nationalgeographic.org/activity/arctic-adaptations/ ,True,False,True,True,False,True,False,False,False,False,False,False,False,7.230663600903605e-05,7.230670406193802e-05,7.230668763791652e-05,7.230668698428497e-05,0.4587758624781398,7.230668555843398e-05,7.230682156617923e-05,7.230667305082537e-05,7.230672062996278e-05,7.230667214064809e-05,7.23067381937e-05,0.5402841502678181,7.230675680749893e-05,7.230676392067159e-05,7.230670748101841e-05,8.073565483093262,7.683537483215332
iisd,https://enb.iisd.org/biodiv/arctic/congress/2018/ https://sdg.iisd.org/news/arctic-states-reaffirm-commitment-to-sustainable-development-of-arctic-ecosystems-and-people/ ,False,False,False,False,True,True,False,False,False,False,False,False,False,0.0001122335494274,0.0001122336331415,0.0001122335514121,0.0001122335469642,0.000112233730183,0.0001122336056969,0.0001122335963574,0.0001122335562971,0.0001122335908277,0.0001122335574372,0.8372533406802124,0.1612876224001616,0.0001122337229533,0.000112233682104,0.0001122335968233,0.9264947175979614,7.518321990966797
unece,http://unece.org/environment/news/arctic-council-welcomes-unece-work-black-carbon ,False,False,False,False,True,True,False,False,False,False,False,False,False,0.0005376345246054,0.0005376351197792,0.0005376349745005,0.0005376350426445,0.000537636651986,0.0005376351644774,0.0005376352104677,0.0005376349547717,0.0005376353423809,0.0005376350099911,0.992473105610401,0.0005376358719737,0.0005376356552503,0.0005376356173027,0.0005376352494672,0.7531819343566895,7.350026607513428
britishmuseum,https://www.britishmuseum.org/exhibitions/arctic-culture-and-climate https://www.britishmuseum.org/exhibitions/arctic-culture-and-climate ,True,False,False,True,False,True,False,False,False,False,False,False,False,0.0003044140768874,0.0003044146078518,0.0003044143908034,0.0003044144531051,0.1875535200575004,0.0003044146342023,0.0003044145670683,0.0003044143902135,0.0003044145573816,0.0003044143657862,0.0003044147885268,0.7356626402170563,0.0278930231641264,0.0455422570751446,0.0003044146543454,6.965096950531006,10.730024337768555
github,https://archiveprogram.github.com/arctic-vault/ ,True,False,False,False,False,True,False,False,False,False,False,False,False,0.0114182573827021,0.000634921671363,0.0006349215056631,0.0006349216327304,0.7042816753574949,0.0006349217667384,0.0420040048859763,0.0006349214187878,0.0006349218178305,0.0006349214335594,0.0006349221915413,0.2051668181786545,0.0006349224277369,0.0307800267576634,0.0006349215715573,7.271028995513916,5.894898891448975
intrepidtravel,https://www.intrepidtravel.com/us/arctic https://www.intrepidtravel.com/us/arctic https://www.intrepidtravel.com/us/arctic ,True,False,True,True,False,True,False,False,False,False,False,False,False,9.775186452106142e-05,9.775185847325144e-05,9.77518207835451e-05,9.775182311710928e-05,0.6848783998764716,9.775189750418854e-05,9.77519396687398e-05,9.775183301548288e-05,9.775190665410916e-05,9.775183440759954e-05,9.7751922869957e-05,0.2432146717869571,0.0707339059293763,9.775185042557646e-05,9.775185575430824e-05,7.895905017852783,6.024407386779785
nato,https://www.nato.int/docu/review/articles/2019/06/28/the-changing-shape-of-arctic-security/index.html ,True,False,False,False,False,True,False,False,False,False,False,False,False,8.714602224687511e-05,8.714609430085029e-05,8.714609178916635e-05,8.714608308744318e-05,8.714617247692176e-05,8.714607879245463e-05,8.714613499080697e-05,8.714605723690632e-05,8.71460896266861e-05,8.71460572916996e-05,0.0095339003811559,0.9893332003632976,8.714609720958245e-05,8.7146196662564e-05,8.714607983455627e-05,5.397619724273682,13.100020408630371
vox,https://www.vox.com/a/borders/the-arctic ,True,False,False,False,False,True,False,False,False,False,False,False,False,0.0007662836938899,0.0007662842584107,0.0007662842497958,0.0007662843014634,0.2755549560870772,0.000766284634028,0.0007662846601862,0.0007662842380631,0.0007662846701824,0.0007662842759321,0.0007662849915672,0.71448334711483,0.0007662842127191,0.0007662843484473,0.0007662842634073,6.913036346435547,10.15758228302002
sdu,https://www.sdu.dk/en/om_sdu/institutter_centre/c_arctic https://www.sdu.dk/en/om_sdu/institutter_centre/i_miljo_og_erhvervsoekonomi/nyhedime/tourism_arctic ,False,False,False,False,True,True,False,False,False,False,False,False,False,0.0004504505647387,0.0004504513173184,0.0004504511254198,0.0004504510728819,0.3124009460126598,0.0004504510981584,0.0004504510424932,0.0004504509609167,0.0004504511591087,0.0004504509852076,0.0004504516679172,0.6817431876428558,0.0004504518949191,0.000450452007218,0.0004504514481861,6.979164123535156,9.969869613647461
desert-technologies,https://desert-technologies.com/arctic/ ,False,False,False,False,True,True,False,False,False,False,False,False,False,0.00444444559623,0.0044444498749624,0.0044444519165413,0.0044444511771023,0.0044444594923615,0.0044444525788628,0.0044444604268566,0.00444445087632,0.0044444515465853,0.0044444527977952,0.0044444551182359,0.9377776627320432,0.0044444494462348,0.0044444542681078,0.0044444521517601,6.170351028442383,13.626093864440918
coursera,https://www.coursera.org/learn/global-arctic https://www.coursera.org/learn/global-arctic ,True,False,False,True,False,True,False,False,False,False,False,False,False,0.0004796168784917,0.0004796172507851,0.0004796169501093,0.0004796170616497,0.8851053456955131,0.0004796170991578,0.000479617315094,0.0004796169222514,0.000479617290311,0.0004796169317288,0.0773314649545025,0.0004796177533749,0.0004796175956451,0.0318077833182215,0.0004796169831635,6.353565692901611,3.241716146469116
indiatimes,https://economictimes.indiatimes.com/topic/Arctic ,True,False,False,False,False,True,False,False,False,False,False,False,False,0.0062611484148189,0.0003546106895862,0.0003546104740121,0.0003546105342688,0.470137571741253,0.0003546104474687,0.0003546106577216,0.0003546103016974,0.0003546104484682,0.0003546103483637,0.000354610841449,0.5058961244013512,0.0003546107122671,0.0138044395894243,0.0003546103978493,8.18671989440918,7.594176769256592
climatechangenews,https://www.climatechangenews.com/2021/03/18/shipping-industry-can-halve-climate-warming-black-carbon-arctic/ ,True,False,False,False,False,True,False,False,False,False,False,False,False,0.0002398082078546,0.0002398085056905,0.0002398084429244,0.0002398084615108,0.906185069725148,0.0002398085073671,0.0002398085558406,0.0002398084301882,0.0002398086231536,0.0002398084476082,0.0002398088584895,0.0906974193130468,0.0002398087690095,0.0002398087036619,0.0002398084485057,6.28029727935791,4.210918426513672
audubon,https://www.audubon.org/news/7-birds-breed-arctic ,True,False,False,False,False,True,False,False,False,False,False,False,False,0.0005464538620972,0.0005464490948141,0.0005464487544382,0.0005464488542832,0.7883236737635393,0.000546448969987,0.0005464498547279,0.0005464486881042,0.0005464493623357,0.000546448680308,0.00054644931807,0.1357150359263639,0.0005464490878025,0.0694038958969973,0.0005464498861308,7.099203109741211,5.124325752258301
eos,https://eos.org/articles/arctic-lightning-up-300-in-one-11-year-study ,True,False,False,False,False,True,False,False,False,False,False,False,False,0.0003436426878245,0.0003436432293839,0.0003436430691901,0.0003436432572,0.9951889944205388,0.0003436431352202,0.0003436431616243,0.0003436429825638,0.0003436431578584,0.0003436430265591,0.0003436433915966,0.0003436433779079,0.000343643759042,0.0003436443074486,0.0003436430360412,5.473681926727295,2.8808958530426025
reuters,https://www.reuters.com/places/arctic ,True,False,False,False,False,True,False,False,False,False,False,False,False,0.0006349208402704,0.0006349219496963,0.0006349216746213,0.000634921949964,0.5646616541587118,0.0006349216446585,0.0586551529267087,0.0006349214864512,0.0006349217006224,0.0006349214910318,0.0006349223824279,0.3690641311490583,0.0006349221348086,0.0006349229949094,0.0006349215160586,7.713740825653076,6.717496871948242
smithsonianmag,https://www.smithsonianmag.com/smart-news/british-museum-hosts-exhibition-indigenous-arctic-artifacts-180976125/ ,True,False,False,False,False,True,False,False,False,False,False,False,False,0.0003603618573179,0.0003603611591992,0.0003603608106415,0.0003603609775381,0.5718475347949956,0.0003603609788755,0.0003603610849199,0.0003603608416012,0.0003603611133639,0.000360360823643,0.0003603611909862,0.4234677704129114,0.0003603613054706,0.0003603616368102,0.0003603610117251,8.129535675048828,7.0678510665893555
discovermagazine,https://www.discovermagazine.com/environment/as-the-arctic-continues-its-meltdown-economic-exploitation-quickens ,True,False,False,False,False,True,False,False,False,False,False,False,False,0.0001455604499031,0.000145560685408,0.0001455607173272,0.000145560610414,0.5983595429167129,0.0001455606086004,0.0001455606863868,0.0001455605580045,0.0001455606585469,0.0001455605687218,0.0001455607265488,0.399748168871601,0.0001455606379419,0.0001455607217253,0.0001455605821564,8.123589515686035,6.895543575286865
arcticeconomiccouncil,https://arcticeconomiccouncil.com/ https://arcticeconomiccouncil.com/ ,False,False,True,True,False,True,False,False,False,False,False,False,False,0.0006230562996016,0.0006230538671763,0.0006230535176235,0.000623053569009,0.0006230541061946,0.0006230538439951,0.0006230536250079,0.0006230536283205,0.0006230537014259,0.0006230535734955,0.0702577551814978,0.9216425421827136,0.0006230544602726,0.0006230544077835,0.0006230540358819,5.274190902709961,12.79775619506836
independent,https://www.independent.co.uk/topic/arctic ,True,False,False,False,False,True,False,False,False,False,False,False,False,0.0,0.0,0.0,0.0,0.0,0.0,0.0,0.0,0.0,0.0,0.0,0.0,0.0,0.0,0.0,10.420063972473145,7.556600093841553
cnn,https://edition.cnn.com/style/article/refreeze-arctic-design-scn/index.html https://edition.cnn.com/style/article/refreeze-arctic-design-scn/index.html ,True,False,True,False,False,True,False,False,False,False,False,False,False,0.0001232286197931,0.0001232287851602,0.0001232288083984,0.000123228796701,0.9568859051992752,0.000123228783909,0.0001232288540442,0.0001232287472248,0.0001232288121845,0.0001232287503195,0.0001232288729846,0.0001232292666126,0.0415121200609198,0.0001232288588331,0.0001232287836395,5.0858330726623535,3.4936563968658447
arctictoday,https://www.arctictoday.com/ https://www.arctictoday.com/ ,False,False,True,True,False,True,False,False,False,False,False,False,False,0.0021505378100792,0.0021505383543431,0.0021505384711984,0.0021505382847688,0.0021505393253167,0.0021505385260487,0.0021505387435664,0.0021505383451648,0.0021505393337725,0.0021505384256914,0.0021505389741796,0.0021505394140244,0.9698924592285036,0.0021505384599141,0.0021505383034279,13.2862548828125,6.871145248413086
arctic-bioscience,https://arctic-bioscience.com/ https://arctic-bioscience.com/ ,False,False,True,True,False,True,False,False,False,False,False,False,False,0.0004415011981065,0.0004415017561405,0.000441501559326,0.0004415015564911,0.0004415022020775,0.8482508379674197,0.0004415019251295,0.0004415015206678,0.0004415016594219,0.0004415014867118,0.0004415020573772,0.1181290416020759,0.0004415020995437,0.0283220998181691,0.0004415015913409,10.462503433227539,7.590651512145996
arcticcircle,http://www.arcticcircle.org/ http://www.arcticcircle.org/about/about http://www.arcticcircle.org/ http://www.arcticcircle.org/about/about ,False,False,True,True,False,True,False,False,False,False,False,False,False,0.0002026343601783,0.0002026347160039,0.0002026344749188,0.0002026344838842,0.0002026346727119,0.0002026345136487,0.0002026345386896,0.0002026344573299,0.0002026345045099,0.0002026344464877,0.0002026347606693,0.9517912600884574,0.0002026346908767,0.0455744906586703,0.0002026346329623,5.925731182098389,12.865484237670898
kidzone,https://www.kidzone.ws/habitats/arctic-tundra.htm https://www.kidzone.ws/habitats/arctic-tundra.htm ,False,False,True,True,False,True,False,False,False,False,False,False,False,7.927081423334484e-05,7.927083606971341e-05,7.927078105932203e-05,7.927082428565977e-05,0.5636608609507172,7.927080795034869e-05,7.927086946281643e-05,7.927077958037808e-05,7.927086732241817e-05,7.927077813996774e-05,7.927085137861515e-05,7.927088265005059e-05,7.927083530400177e-05,0.0094936131221384,0.4258942759997076,9.684592247009277,6.670983791351318
quarkexpeditions,https://www.quarkexpeditions.com/arctic https://www.quarkexpeditions.com/arctic https://www.quarkexpeditions.com/arctic/russian-high-arctic ,False,False,True,True,False,True,False,False,False,False,False,False,False,0.0001433692284435,0.0001433693558401,0.0001433693322411,0.0001433693213512,0.7909132655181494,0.0001433693813693,0.0001433694608537,0.0001433693408489,0.0001433694285143,0.0001433693203699,0.0001433694481556,0.2072229325752182,0.0001433695080196,0.0001433693987845,0.0001433693818398,7.25766658782959,5.327449321746826
coolantarctica,https://www.coolantarctica.com/Antarctica%20fact%20file/arctic_animal.php ,False,False,True,False,False,True,False,False,False,False,False,False,False,0.0007092200009542,0.0007092206072394,0.0007092205268212,0.0007092204498636,0.8348511631082977,0.0007092206734488,0.000709220776067,0.000709220489072,0.0007092209147549,0.0007092204930321,0.0007092212944047,0.1559289663088654,0.000709222485265,0.0007092209931555,0.000709220878758,6.94935417175293,5.038918972015381
openaccessgovernment,https://www.openaccessgovernment.org/arctic-tundra-vegetation/107095/ ,True,False,False,False,False,True,False,False,False,False,False,False,False,0.0002886003690294,0.0002886006176087,0.0002886007831684,0.0002886005939001,0.9959595879649816,0.0002886007009107,0.0002886025327665,0.0002886006169075,0.0002886007432337,0.0002886006303848,0.0002886009433733,0.0002886009882763,0.0002886008561031,0.0002886006183003,0.000288601041055,5.555100440979004,2.8940188884735107
arcticfish,https://www.arcticfish.is/ https://www.arcticfish.is/ ,False,False,True,True,False,True,False,False,False,False,False,False,False,0.0130678527089296,0.0004796170907387,0.00047961701046,0.0004796170146184,0.6495129428290932,0.0004796175238533,0.0004796179031703,0.0004796168716261,0.0004796171221988,0.0004796168837625,0.0004796174957376,0.3316637972459807,0.0004796174668231,0.0004796177560725,0.0004796170769341,7.9565043449401855,6.394126892089844
dmi,http://research.dmi.dk/research/research-topics/arctic/ http://research.dmi.dk/research/research-topics/arctic/ ,False,False,True,True,False,True,False,False,False,False,False,False,False,2.368275425490895e-05,2.368269119695268e-05,2.3682692221037897e-05,2.3682687772159586e-05,0.9996684421750572,2.368268816247009e-05,2.368269962460109e-05,2.3682679338546623e-05,2.3682684497790003e-05,2.368268364522349e-05,2.3682709686634645e-05,2.3682716934016336e-05,2.3682721563120243e-05,2.3682714860348628e-05,2.3682701184832532e-05,5.457854747772217,3.6121437549591064
nrdc,https://www.nrdc.org/protect-arctic-national-wildlife-refuge https://www.nrdc.org/protect-arctic-national-wildlife-refuge ,False,False,True,True,False,True,False,False,False,False,False,False,False,0.0003072198088759,0.0003072200909709,0.0003072200698423,0.0003072199959801,0.1287403024396386,0.0003072201300371,0.0003072202538016,0.0003072200124079,0.0003072206420911,0.0003072200183244,0.0003072203460632,0.8672658354432979,0.0003072201597772,0.000307220114474,0.0003072204744172,6.438641548156738,10.961045265197754
fandom,https://smallville.fandom.com/wiki/Arctic ,False,False,True,False,False,True,False,False,False,False,False,False,False,0.0001267429706939,0.000126742914751,0.0001267428091605,0.000126742836529,0.0001267429483634,0.0001267428370282,0.0001267428435402,0.0001267428019912,0.998225599663537,0.0001267428041837,0.0001267429165705,0.000126742928843,0.000126742924228,0.0001267429719622,0.0001267428286172,9.500932693481445,7.285624980926514
arcticrubyoil,https://arcticrubyoil.com/ ,False,False,True,False,False,True,False,False,False,False,False,False,False,0.0004535160225919,0.0004535155021518,0.0004535154276908,0.0004535153017448,0.2107845990633842,0.0004535155163946,0.000453515629073,0.0004535152801861,0.0004535155753269,0.0004535153053504,0.000453515537449,0.783319699043514,0.0004535158564596,0.0004535155921085,0.0004535153465739,6.915381908416748,10.381484985351562
weebly,https://regionsofcan.weebly.com/arctic.html ,False,False,True,False,False,True,False,False,False,False,False,False,False,0.0,0.0,0.0,0.0,0.0,0.0,0.0,0.0,0.0,0.0,0.0,0.0,0.0,0.0,0.0,10.527198791503906,7.476661682128906
greenpeace,https://www.greenpeace.org/usa/arctic/issues/oil-drilling/ https://www.greenpeace.org/usa/issues/protect-the-arctic/ https://www.greenpeace.org/usa/issues/protect-the-arctic/ https://www.greenpeace.org/usa/arctic/issues/oil-drilling/ ,False,False,True,True,False,True,False,False,False,False,False,False,False,0.000119688863926,0.0001196889535811,0.0001196889283964,0.0001196889418429,0.1462677187640743,0.000119688952404,0.0001196890297954,0.0001196889100455,0.0001196889759404,0.000119688918284,0.0001196890152732,0.8521763248014551,0.0001196889940986,0.0001196890163035,0.0001196889345789,6.707424163818359,10.7788667678833
arcticgenderequality,https://arcticgenderequality.network/ https://arcticgenderequality.network/ ,False,False,True,True,False,True,False,False,False,False,False,False,False,5.597541767313077e-05,5.5975454045439706e-05,5.597546237553304e-05,5.597542817043074e-05,5.5975496242150845e-05,5.5975450087321e-05,5.597546166295902e-05,5.597543709509464e-05,5.597545100258444e-05,5.59754351981804e-05,5.597552311035179e-05,0.5407454208864666,5.597554248148817e-05,0.4585268980993988,5.597545498980918e-05,7.25411319732666,12.287744522094727
scientificamerican,https://www.scientificamerican.com/article/arctic-exploitation-may-harm-animals-large-and-small/ https://www.scientificamerican.com/article/a-new-arctic-is-emerging-thanks-to-climate-change/ https://www.scientificamerican.com/article/arctic-exploitation-may-harm-animals-large-and-small/ ,False,False,True,True,False,True,False,False,False,False,False,False,False,6.044123523857064e-05,6.044129846742022e-05,6.044126831544622e-05,6.04412942080577e-05,0.9991538218742448,6.0441280749415496e-05,6.044129387220956e-05,6.04412658096102e-05,6.044129616500588e-05,6.044126810035091e-05,6.0441318979519806e-05,6.04413378589423e-05,6.044132852209484e-05,6.04413657491205e-05,6.044127371929738e-05,5.543178558349609,3.561692237854004
kvaroyarctic,https://www.kvaroyarctic.com/ ,False,False,True,False,False,True,False,False,False,False,False,False,False,0.0035087727184186,0.0035087780010776,0.0035087749507363,0.0035087756199602,0.0035087976959886,0.0035087777653564,0.0035087778217592,0.0035087759898951,0.0035087810799088,0.0035087758403477,0.003508777748113,0.950877100134344,0.0035087822461583,0.0035087759707027,0.0035087764172329,6.088186264038086,13.507203102111816
arcus,https://www.arcus.org/witness-the-arctic https://www.arcus.org/witness-the-arctic ,False,False,True,True,False,True,False,False,False,False,False,False,False,0.0003683241824251,0.0003683245051531,0.0003683243286838,0.0003683244356714,0.0003683248334754,0.0003683244507397,0.0003683244667402,0.0003683243259361,0.0003683243938822,0.0003683243284554,0.0003683249047907,0.0003683249702728,0.8335364870799283,0.161675294415899,0.0003683243779462,13.39501953125,7.006237506866455
txtsv,https://arcticcat.txtsv.com/side-by-side ,False,False,True,False,False,True,False,False,False,False,False,False,False,0.0,0.0,0.0,0.0,0.0,0.0,0.0,0.0,0.0,0.0,0.0,0.0,0.0,0.0,0.0,10.440799713134766,7.574830532073975
novatek,https://www.novatek.ru/en/business/arctic-lng/ ,False,False,False,True,False,True,False,False,False,False,False,False,False,0.000516796028016,0.0005167964437852,0.9927648453959154,0.0005167962424779,0.0005167972544035,0.0005167964616995,0.0005167965084783,0.0005167961458799,0.0005167964159861,0.0005167961624671,0.0005167973932444,0.0005167989019246,0.0005167969725309,0.00051679732326,0.0005167963499303,9.48791217803955,7.396992206573486
wikipedia,https://en.wikipedia.org/wiki/Arctic_Policy_of_the_United_States ,False,False,False,True,False,True,False,False,False,False,False,False,False,2.414585658228356e-05,2.4145879234954225e-05,2.4145866008267112e-05,2.414587145208698e-05,2.414590014109523e-05,2.4145868843767664e-05,2.4145882087690823e-05,2.414586247420042e-05,2.4145872258046096e-05,2.4145864924321336e-05,2.4145903534188403e-05,0.9947463733591536,0.004939730236994,2.4145908928599076e-05,2.414586738280154e-05,5.070026397705078,13.512471199035645
arcticpaper,https://arcticpaper.com/ ,False,False,False,True,False,True,False,False,False,False,False,False,False,0.0095238120820482,0.0095238281709457,0.0095238212847495,0.009523821998588,0.0095238324206848,0.0095238299487387,0.0095238447813139,0.0095238249666913,0.0095238218911539,0.0095238241307815,0.0095238257344673,0.8666664157367698,0.0095238200319941,0.0095238507537366,0.009523826067336,6.48490571975708,13.523548126220703
tufts,https://sites.tufts.edu/fletcherarctic/ ,False,False,True,False,False,True,False,False,False,False,False,False,False,0.0011695909431364,0.0011695924417788,0.0011695919019002,0.001169592165548,0.0011695935401919,0.0011695923672612,0.001169593247753,0.0011695921095564,0.0011695928017921,0.0011695920673713,0.00116959373828,0.8382471150564066,0.0011695947479237,0.1465481805948777,0.0011695922762218,6.8443732261657715,12.296178817749023
arctic360,https://www.arctic360.org/ ,False,False,False,True,False,True,False,False,False,False,False,False,False,0.0013888894178264,0.0013888908729903,0.0013888901924756,0.001388890294825,0.0013888961092799,0.0013888906246705,0.0013888904415219,0.0013888902844295,0.0013888911125051,0.0013888903108317,0.0013888914117638,0.9805555207010664,0.0013888970778411,0.0013888906499239,0.0013888904980481,5.83602237701416,13.756424903869629
oceandecade,https://www.oceandecade.dk/ ,False,False,False,True,False,True,False,False,False,False,False,False,False,0.0004444449437534,0.0135580560839281,0.0004444450066029,0.0004444449297119,0.531828389330143,0.0004444450155324,0.0004444451290753,0.0004444449437983,0.0004444449511064,0.000444444959624,0.0004444454065355,0.3369985510989216,0.112726107636211,0.0004444455251013,0.0004444450399542,10.01477336883545,7.424932479858398
arcticportal,https://arcticportal.org/science/arctic-data https://arcticportal.org/ ,False,False,False,True,False,True,False,False,False,False,False,False,False,6.397974121805226e-05,6.397966672674237e-05,6.397959863693564e-05,6.397960687435313e-05,0.4801656651061982,6.397962215628353e-05,6.39796343926908e-05,6.39795961834606e-05,6.397962456898443e-05,6.397959875472449e-05,6.397970936674355e-05,0.3437987611564099,6.397969973572049e-05,0.1752678180074159,6.397963136114176e-05,7.611817359924316,7.651154518127441
belfercenter,https://www.belfercenter.org/event/arctic-resilience-forum ,False,False,False,True,False,True,False,False,False,False,False,False,False,0.0003898637056337,0.0003898640961173,0.000389864008694,0.0003898639773003,0.0003898645057314,0.000389864083259,0.0003898639930669,0.0003898639895172,0.0003898640661058,0.0003898640754645,0.0003898646752423,0.9945419019217296,0.0003898641841294,0.0003898644367481,0.0003898642812596,5.720647811889648,13.40383529663086
thebarentsobserver,https://thebarentsobserver.com/en/arctic/2021/03/arctic-council-finalizes-plans-largely-virtual-ministerial-may ,False,False,False,True,False,True,False,False,False,False,False,False,False,0.0004192873457296,0.0004192877327334,0.0004192875726665,0.0004192875651888,0.0004192880043497,0.0004192876910748,0.000419287664875,0.0004192875517043,0.0004192876410142,0.0004192875286682,0.9941299706125571,0.000419289301156,0.0004192879537276,0.0004192881272935,0.0004192877072606,0.7228060364723206,7.316725254058838
arctick,https://arctick.org/ ,False,False,False,True,False,True,False,False,False,False,False,False,False,0.0028985513700931,0.0028985573365126,0.002898554050885,0.0028985550971246,0.0028985587073319,0.0028985553647174,0.0028985553522179,0.002898554961572,0.002898556747644,0.0028985544666094,0.0028985566184055,0.729945417115793,0.0028985591764034,0.2323733596241412,0.0028985540105484,6.966330528259277,12.370305061340332
booking,https://www.booking.com/hotel/gl/arctic.html https://www.booking.com/hotel/gl/arctic.html https://www.booking.com/hotel/fi/arctic-treehouse.html ,False,False,True,True,False,True,False,False,False,False,False,False,False,0.000123915767099,0.0001239159796578,0.0001239157978147,0.0001239158259525,0.0001239158824499,0.0001239158057801,0.0001239158565119,0.0001239157901013,0.0001239158105989,0.0001239157898218,0.0001239158598846,0.0001239158848051,0.9982651782056486,0.0001239159484096,0.0001239157954634,13.236429214477539,6.7873663902282715
smallwarsjournal,https://smallwarsjournal.com/jrnl/art/national-security-and-arctic-deterrence-russian-influences-arctic-ocean ,False,False,False,True,False,True,False,False,False,False,False,False,False,5.6931643454256e-05,5.693150118430327e-05,5.693146537718903e-05,5.693149248339998e-05,5.693156342648847e-05,5.693147270629085e-05,5.6931567047774405e-05,5.6931459194691326e-05,5.693152668727025e-05,5.693146602852567e-05,5.69315248294687e-05,0.99920295875647,5.693151765238851e-05,5.693157363945138e-05,5.693146981859307e-05,5.20031213760376,13.542007446289062
adventure-life,https://www.adventure-life.com/arctic ,False,False,False,True,False,True,False,False,False,False,False,False,False,0.0002564103402922,0.0002564105588296,0.0002564104683556,0.0002564104511287,0.996410252377304,0.0002564105083604,0.0002564106159577,0.0002564104529631,0.000256410513108,0.000256410465256,0.0002564106135631,0.0002564110597433,0.000256410485266,0.0002564105891817,0.0002564105006902,5.461353778839111,2.9843339920043945
arctic-adventure,https://arctic-adventure.dk/ ,False,False,False,True,False,True,False,False,False,False,False,False,False,0.0014492754611425,0.0014492758334064,0.0014492757692597,0.0014492757165201,0.0014492763861535,0.0014492759842676,0.0014492759038619,0.0014492757961471,0.0014492766998283,0.0014492758350388,0.0014492763520346,0.0014492763095215,0.9797101363578768,0.0014492757967222,0.001449275798218,13.192591667175293,6.813572406768799
acces-arctic,https://www.acces-arctic.com/ ,False,False,False,True,False,True,False,False,False,False,False,False,False,0.0009259261468863,0.0009259280739722,0.0009259271846274,0.0009259269980105,0.5144922905080156,0.0009259271665984,0.0009259271052899,0.0009259268352345,0.0009259270174988,0.0009259268467286,0.0009259278701289,0.4361326022517344,0.0009259281310065,0.0382639809533207,0.0009259269109464,7.791784763336182,7.546360969543457
eu-interact,https://eu-interact.org/glossary/artic/ ,False,False,False,True,False,True,False,False,False,False,False,False,False,5.844369085069958e-06,5.844372906189008e-06,5.844367783523733e-06,5.844370820379886e-06,5.844372821370511e-06,5.844368181454703e-06,5.844369495753803e-06,5.8443672642854486e-06,5.844368757980179e-06,5.844367367872388e-06,5.844370800793658e-06,5.844371659148994e-06,5.844371480515595e-06,0.9999181788232212,5.844368354622378e-06,7.234139442443848,12.228877067565918
wiley,https://agupubs.onlinelibrary.wiley.com/doi/full/10.1029/2019GL086749 ,False,False,False,True,False,True,False,False,False,False,False,False,False,0.0,0.0,0.0,0.0,0.0,0.0,0.0,0.0,0.0,0.0,0.0,0.0,0.0,0.0,0.0,10.350363731384277,7.364707946777344
arctickingdom,https://arctickingdom.com/10-fun-facts-about-arctic-fox/ ,False,False,False,True,False,True,False,False,False,False,False,False,False,0.0005747130981411,0.0005747135403732,0.0005747133961576,0.0005747133522531,0.9919540075501369,0.0005747133516663,0.0005747170427421,0.0005747132017477,0.0005747135431068,0.0005747131965567,0.000574713598466,0.0005747138480911,0.0005747136070614,0.0005747139599078,0.0005747137135918,5.515127182006836,2.757796287536621
awi,https://www.awi.de/en/focus/arctic-ocean.html ,False,False,False,True,False,True,False,False,False,False,False,False,False,0.0008130083282788,0.0008130100435374,0.0008130094485571,0.0008130090051721,0.98861786894805,0.0008130090748995,0.0008130089485199,0.0008130088194804,0.0008130091239576,0.0008130088275813,0.0008130105506219,0.000813010703111,0.0008130095214272,0.0008130095905149,0.0008130090662904,5.1209540367126465,2.619495391845703
