Id,urls,language,topic_0,topic_1,topic_2,topic_3,topic_4,topic_5,topic_6,topic_7,topic_8,topic_9,topic_10,topic_11,topic_12,topic_13,topic_14,X-UMAP,Y-UMAP
norskov,https://www.norskov.dk/miljo https://www.norskov.dk/miljo ,Danish,0.0001629993823574,0.0001630003391371,0.0001629993316773,0.9977180077265958,0.0001629993474025,0.0001629994638161,0.0001629994446912,0.000162999417778,0.0001629994527171,0.0001629993335947,0.0001629993219067,0.0001629993437251,0.000162999415003,0.0001629993272339,0.0001629993523632,3.444182872772217,0.5753201246261597
mfvm,https://mfvm.dk/ https://mfvm.dk/fileadmin/user_upload/FVM.dk/Dokumenter/Servicemenu/Publikationer/Groen_vaekst.pdf https://fvm.dk/nyheder/nyhed/nyhed/fn-forbyder-brug-af-staerkt-forurenende-skibsbraendstof-i-arktis/&sa=U&ved=2ahUKEwik58z0-onwAhUnxoUKHSYNARcQFjAAegQIARAB&usg=AOvVaw1qU7ov9WrDW7QCO9ijGw1Z https://fvm.dk/fileadmin/user_upload/MFVM/Ministeriet/Departementet/Aftaler_med_universiteter/Aftaler_2020/Rammeaftale_med_AU/AU_Arktis_-_Ydelsesaftale.pdf ,Danish,0.0039215727867252,0.0039215751458389,0.0039215722286363,0.3873057092528822,0.0039215726351623,0.5617138279188717,0.0039215805464851,0.0039215756024092,0.0039215766591584,0.0039215721954271,0.0039215719526772,0.0039215722257005,0.0039215752360379,0.0039215720686926,0.0039215735452944,5.3614583015441895,1.7185996770858765
wikipedia,https://da.wikipedia.org/wiki/Milj%C3%B8 https://da.wikipedia.org/wiki/FN%27s_verdensm%C3%A5l https://da.wikipedia.org/wiki/Power-to-X https://da.wikipedia.org/wiki/B%C3%A6redygtighed https://da.wikipedia.org/wiki/B%C3%A6redygtighed ,Danish,3.779294513799477e-05,3.7792960593620665e-05,3.7792934301052696e-05,0.8000583057519761,3.779294256943077e-05,3.779297626248955e-05,0.1994503859040937,3.779296467494039e-05,3.779296742534657e-05,3.7792937922315856e-05,3.779293346681358e-05,3.779293895396542e-05,3.779296623101423e-05,3.779293426288539e-05,3.779294212816221e-05,5.650211811065674,6.506227493286133
miljoeportal,https://miljoeportal.dk/ https://miljoeportal.dk/media/1337/dmp-strategi-2020-1-maj-2020.pd ,Danish,0.0011494272110643,0.0011494279341359,0.0011494269557998,0.9839080154987158,0.0011494274646802,0.0011494281781794,0.0011494280748931,0.0011494275861957,0.0011494277539141,0.0011494269248634,0.0011494268796202,0.0011494269699703,0.0011494284092818,0.0011494270163181,0.0011494271423674,10.378229141235352,5.768696308135986
avl,https://avl.dk/miljo https://avl.dk/miljo ,Danish,0.0001380264495025,0.0001380265419408,0.0001380263730242,0.9980676295295756,0.0001380264048323,0.0001380267481213,0.0001380265802056,0.0001380264579365,0.0001380265064402,0.0001380263887437,0.0001380263832266,0.0001380263869395,0.0001380264681569,0.0001380263789465,0.0001380264024068,1.476728081703186,2.5439717769622803
aalborg,https://www.aalborg.dk/om-kommunen/organisation/miljoe-og-energiforvaltningen https://www.aalborg.dk/miljoe-energi-og-natur https://www.aalborg.dk/politik/strategier-og-politikker https://www.aalborg.dk/business/erhvervsservice-i-aalborg/rammeaftalen-baeredygtig-erhvervsservice https://www.aalborg.dk/om-kommunen/byplanlaegning/temaer-inden-for-byplanlaegning/baeredygtighed-i-byplanlaegning https://www.aalborg.dk/miljoe-energi-og-natur/klima https://www.aalborg.dk/miljoe-energi-og-natur/vaadomraader-og-lavbundsprojekter https://www.aalborg.dk/miljoe-energi-og-natur/baeredygtighedsmanual ,Danish,2.272988071471377e-05,2.2729890100161826e-05,2.2729873767952783e-05,0.3595466874362617,2.2729880517777447e-05,0.6401578240717403,2.2729910209249008e-05,2.2729889759305336e-05,2.2729897121240484e-05,2.2729874967138844e-05,2.272987313444759e-05,2.2729876042976407e-05,2.272989223862768e-05,2.2729874528232724e-05,2.272987889605065e-05,5.170114994049072,1.8781917095184326
kefm,https://kefm.dk/klima-og-vejr/konsekvenser-for-klima-miljoe-og-natur https://kefm.dk/klima-og-vejr/klimaindsatsen-i-danmark https://kefm.dk/globale-samarbejder/klimasamarbejde-i-arktis ,Danish,5.722468491785125e-05,5.722470244546876e-05,5.722466988223154e-05,0.9049425921394164,5.7224680653505e-05,0.0943134868432973,5.722475462708003e-05,5.722470841016663e-05,5.722471479986792e-05,5.7224675199795536e-05,5.722466762254659e-05,5.722467271843196e-05,5.722473604923286e-05,5.722466842244229e-05,5.722468153737989e-05,5.327829837799072,2.55867075920105
veluxfoundations,https://veluxfoundations.dk/da/det-stoetter-vi/miljoe https://veluxfoundations.dk/da/det-stoetter-vi/miljoe https://veluxfoundations.dk/da/miljoe-et-hav-i-balance-viden-og-samarbejde ,Danish,6.68003614863787e-05,6.680039009011368e-05,6.680034427052658e-05,0.999064794684733,6.68003580715831e-05,6.680043416877488e-05,6.68004601549498e-05,6.680038434574617e-05,6.680040108170734e-05,6.680034788859659e-05,6.680034573645414e-05,6.680035028324093e-05,6.680043255606242e-05,6.680034861063862e-05,6.680035652230155e-05,-3.093197822570801,6.9345855712890625
automester,https://automester.dk/miljoe https://automester.dk/miljoe ,Danish,0.0001059885113877,0.0001059885996523,0.0001059884523812,0.9985161609888592,0.0001059884667112,0.0001059885429238,0.0001059885299121,0.0001059885132081,0.0001059885612059,0.0001059884571047,0.0001059884559692,0.0001059884853459,0.0001059884922349,0.0001059884730063,0.0001059884700966,-1.8584964275360107,4.556906223297119
mariagerfjord,https://www.mariagerfjord.dk/Borger/Natur-og-Miljoe https://www.mariagerfjord.dk/Borger/Natur-og-Miljoe/Natur/Naturen---en-rentabel-del-af-landbruget https://www.mariagerfjord.dk/Klima-og-Energi/Groen-energi-i-Mariagerfjord ,Danish,0.0001338690353034,0.0001338690655533,0.0001338689604391,0.9264736196008302,0.0001338689834551,0.0717860831898046,0.0001338691348033,0.0001338690434748,0.000133869060292,0.000133868963685,0.0001338689630004,0.0001338689717206,0.0001338690879572,0.0001338689623593,0.000133868977321,5.483370780944824,2.5570871829986572
fmk,https://www.fmk.dk/kontakt-og-aabningstider/fagomraader-og-stabe/by-land-og-kultur/miljoe-og-byg/ https://www.fmk.dk/borger/miljoe-energi-og-affald/klima-og-energi/det-goer-vi-i-faaborg-midtfyn-kommune/clean-groen-erhvervsvaekst/ https://www.fmk.dk/testsektion/nyt-fmkdk/borger/natur-og-miljoe/klima-og-energi/det-goer-vi-i-faaborg-midtfyn-kommune/groent-diplom/groen-institution/ https://www.fmk.dk/testsektion/nyt-fmkdk/borger/natur-og-miljoe/klima-og-energi/det-goer-vi-i-faaborg-midtfyn-kommune/groent-diplom/groent-kontor/ https://www.fmk.dk/borger/miljoe-energi-og-affald/klima-og-energi/det-goer-vi-i-faaborg-midtfyn-kommune/clean-groen-erhvervsvaekst/ ,Danish,0.0001397626256875,0.0001397626589955,0.0001397625684882,0.9643100381888722,0.0001397626028183,0.0338730477384556,0.000139762772208,0.0001397626329082,0.0001397626728825,0.0001397625677326,0.0001397625736433,0.0001397625702758,0.0001397626478848,0.0001397625725651,0.0001397626065818,5.678933620452881,2.5322318077087402
sundolitt,https://www.sundolitt.com/da/miljo/ https://www.sundolitt.com/da/miljo/ ,Danish,0.0001250783018604,0.5624350722827384,0.0001250782556805,0.4359389096283086,0.0001250782817347,0.0001250784164244,0.0001250784302492,0.0001250783583108,0.0001250783850642,0.0001250782643682,0.0001250782530852,0.0001250782727087,0.0001250783291249,0.0001250782602752,0.0001250782800659,5.730838775634766,4.595976829528809
verdensmaalene,https://www.verdensmaalene.dk/ https://www.verdensmaalene.dk/fakta/verdensmaalene https://www.verdensmaalene.dk/maal/12 https://www.verdensmaalene.dk/fakta/hvad-er-baeredygtig-udvikling ,Danish,4.880436261721904e-05,4.8804373361173774e-05,4.88043470201326e-05,0.90803248626347,4.880435794192899e-05,4.880439201854996e-05,0.0913330570007776,4.880437784597072e-05,4.880439362649542e-05,4.880435201877472e-05,4.8804347109340486e-05,4.880435576174822e-05,4.880437224880325e-05,4.8804347220549095e-05,4.880435696153221e-05,5.317687034606934,6.160120010375977
mst,http://mst.dk/ https://mst.dk/natur-vand/vandmiljoe/vandomraadeplaner/ https://mst.dk/erhverv/skovbrug/nationalt-skovprogram/det-nationale-skovprogram/temaer/baeredygtig-produktion/ https://mst.dk/erhverv/groen-virksomhed/groenne-offentlige-myndigheder/baeredygtigt-forbrug/ ,Danish,0.0002450983313244,0.0002450984308829,0.0002450982792822,0.9965686225158866,0.0002450983309649,0.0002450985936802,0.0002450986902235,0.000245098449517,0.0002450984895356,0.0002450982947749,0.0002450982731233,0.0002450982991399,0.0002450984213725,0.0002450982789824,0.0002450983213091,8.453043937683105,-2.2122297286987305
cowi,https://www.cowi.dk/loesninger/miljoe https://www.cowi.dk/om-cowi/nyheder-og-presse/cowi-bliver-co2-neutral-i-2020 https://www.cowi.dk/om-cowi/nyheder-og-presse/cowi-reducerer-sit-co2-ftryk-med-over-70-procent-inden-2030-via-ambitiose-tiltag https://www.cowi.dk/insights/co2-opsamling-kan-maaske-afhjaelpe-klimakrisen-men-hvordan-naar-vi-dertil ,Danish,7.584387239946476e-05,7.58439104753748e-05,7.584386312502924e-05,0.9989381854622724,7.584386783012857e-05,7.58440026119178e-05,7.584392726672823e-05,7.584391407790271e-05,7.58439132482439e-05,7.584386935282183e-05,7.584385674056438e-05,7.584388518589739e-05,7.584391261677902e-05,7.584385864385643e-05,7.58438841529838e-05,-3.0206637382507324,6.481205463409424
verdensmaal,https://www.verdensmaal.org/ ,Danish,0.0004830925061111,0.0004830925444564,0.0004830922477146,0.9932367039767724,0.0004830923762598,0.0004830936989817,0.0004830931968825,0.0004830925309373,0.000483093063994,0.0004830922638304,0.0004830922385126,0.0004830922719402,0.0004830925031945,0.0004830922347025,0.0004830923457095,8.512795448303223,2.2867796421051025
un,https://un.dk/da/om-fn/verdensmaalene/ ,Danish,0.0,0.0,0.0,0.0,0.0,0.0,0.0,0.0,0.0,0.0,0.0,0.0,0.0,0.0,0.0,4.466095447540283,7.706981182098389
hjoerring,https://hjoerring.dk/selvbetjeningssilo/bolig/byg-og-miljoe https://hjorring.viewer.dkplan.niras.dk/media/1712664/Energiplan_2020_2030_Hjoerring.pdf ,Danish,0.0003663011433069,0.0003663042272599,0.0003663007522576,0.9948717834707738,0.0003663008131016,0.0003663011534393,0.0003663012452195,0.0003663009497171,0.0003663011509122,0.0003663007575338,0.0003663007607487,0.0003663007731088,0.0003663012186734,0.0003663007691522,0.0003663008147945,8.67867374420166,0.31631043553352356
venstre,https://www.venstre.dk/politik/principprogram/natur-og-miljoe https://www.venstre.dk/politik/principprogram/natur-og-miljoe ,Danish,0.0001124228572475,0.0001124229112618,0.0001124228274777,0.9984260790948536,0.0001124228456757,0.0001124229236014,0.0001124236871322,0.0001124228894304,0.0001124229162053,0.0001124228354986,0.0001124228274126,0.0001124228400208,0.0001124228651012,0.0001124228334508,0.0001124228456292,-1.5623584985733032,4.42960262298584
furesoe,https://www.furesoe.dk/om-kommunen/fakta/organisation/center-for-by-og-miljoe/ https://www.furesoe.dk/oplevelser/velkommen-til-furesoe/miljoe-og-klima/ ,Danish,0.000180668774656,0.0001806687795434,0.0001806686455791,0.831065393799741,0.0001806686890066,0.1665859127427003,0.000180668890851,0.0001806687575256,0.0001806688290648,0.000180668654112,0.0001806686519645,0.0001806686583278,0.0001806687986537,0.0001806686470928,0.0001806686811812,5.346815586090088,2.5755467414855957
gentofte,https://www.gentofte.dk/da/Borger/By-og-milj%C3%B8/Milj%C3%B8 https://www.gentofte.dk/da/Borger/By-og-milj%C3%B8/Milj%C3%B8 ,Danish,0.0006006016284063,0.0006006013002771,0.000600601191442,0.953064453145128,0.000600601413263,0.0391277277232701,0.0006006024474343,0.000600601646631,0.0006006017501184,0.0006006012635972,0.0006006011720637,0.000600601369167,0.0006006013807625,0.0006006012526023,0.0006006013158363,5.91965389251709,2.729069948196411
brk,https://www.brk.dk/ https://www.brk.dk/Indflydelse-Politik/Politikker/Documents/Energipolitik%202040%20Bornholms%20Regionskommune.pdf ,Danish,0.0,0.0,0.0,0.0,0.0,0.0,0.0,0.0,0.0,0.0,0.0,0.0,0.0,0.0,0.0,4.486771583557129,7.653471946716309
alternativet,https://alternativet.dk/politik/vores-politik/klima-miljo-natur https://alternativet.dk/arkiv/partiprogram/5-okonomisk-baeredygtighed https://alternativet.dk/application/files/8815/5953/4668/renereluftoggroenneretrafikibyerne-alternativet.pdf https://alternativet.dk/application/files/9315/5741/4459/merelivmerepladsalternativet.pdf https://alternativet.dk/application/files/9814/8578/5777/naturpakken.pdf ,Danish,2.217052100126097e-05,2.2170529288048756e-05,2.2170513937715183e-05,0.9996896126813952,2.2170517493312267e-05,2.217053748928688e-05,2.21705416063488e-05,2.2170529287764597e-05,2.2170533549777835e-05,2.2170514490414223e-05,2.2170512850227895e-05,2.2170515479281503e-05,2.21705210780044e-05,2.217051339176727e-05,2.217051766126601e-05,-4.231504917144775,7.832157135009766
klimatilpasning,https://www.klimatilpasning.dk/ https://www.klimatilpasning.dk/viden-om/fremtidens-klima/klimaaendringeridanmark/ https://www.klimatilpasning.dk/viden-om/fremtidens-klima/klimaaendringeridanmark/%C3%A6ndringer-i-temperatur/ https://www.klimatilpasning.dk/viden-om/fremtidens-klima/klimaaendringeridanmark/%C3%A6ndringer-i-nedboer/ https://www.klimatilpasning.dk/viden-om/fremtidens-klima/klimaaendringeridanmark/%C3%A6ndringer-i-toerke/ https://www.klimatilpasning.dk/viden-om/fremtidens-klima/klimaaendringeridanmark/%C3%A6ndringer-i-grundvand/ https://www.klimatilpasning.dk/viden-om/fremtidens-klima/klimaaendringeridanmark/%C3%A6ndringer-i-havniveau/ ,Danish,3.572710307332681e-05,3.5727103446943664e-05,3.572707627526028e-05,0.5597017186935045,3.5727083595650346e-05,0.4398338290935836,3.57271309558054e-05,3.572710746569582e-05,3.5727112635137896e-05,3.572707849256843e-05,3.5727076298063555e-05,3.572707847264577e-05,3.5727101301718816e-05,3.572707680025777e-05,3.5727084098646604e-05,5.36706018447876,1.9994958639144897
tvis,https://tvis.net/miljoe/ https://tvis.net/miljoe/ https://www.tvis.net/miljoe/biomasse/ https://www.tvis.net/miljoe/groen-roadmap/ ,Danish,9.950266719217846e-05,9.950268846863808e-05,9.950260234056662e-05,0.9986069629449754,9.950261262418464e-05,9.9502709278436e-05,9.950272646549302e-05,9.950268364728888e-05,9.950267124393471e-05,9.95026039124059e-05,9.950259965790044e-05,9.950261695090396e-05,9.950265455738344e-05,9.950260078180496e-05,9.950261790364364e-05,-2.1869373321533203,4.970522880554199
texta,https://texta.dk/fns-17-verdensmaal/ https://texta.dk/verdensmaal-5/ ,Danish,2.5445324229557486e-05,2.544533219132477e-05,2.5445318928770808e-05,0.9996437653782534,2.5445322853379364e-05,2.544534142428084e-05,2.5445364226167047e-05,2.544533501086313e-05,2.544534681387257e-05,2.544532050832792e-05,2.5445318250374463e-05,2.544532394014571e-05,2.5445332106051157e-05,2.544531867565196e-05,2.5445322587904605e-05,-4.296158313751221,7.904535293579102
ft,https://www.ft.dk/samling/20151/almdel/liu/bilag/35/1600244.pdf ,Danish,0.0,0.0,0.0,0.0,0.0,0.0,0.0,0.0,0.0,0.0,0.0,0.0,0.0,0.0,0.0,4.475468635559082,7.574321269989014
bane,https://www.bane.dk/da/Leverandoer/Krav/Generelle-arbejdsbeskrivelser/GAB-Miljoe-Anlaeg https://www.bane.dk/da/Om-Banedanmark/Baeredygtig-bane https://www.bane.dk/da/Om-Banedanmark/Baeredygtig-bane/En-klimavenlig-transportform https://www.bane.dk/da/Om-Banedanmark/Baeredygtig-bane/Energi ,Danish,8.984739418319963e-05,8.984741742318515e-05,8.98473630897866e-05,0.998742136342162,8.984737976067037e-05,8.984747951365558e-05,8.98474584306416e-05,8.984741879683309e-05,8.984743258210167e-05,8.984736687038931e-05,8.984736501625123e-05,8.984736898111336e-05,8.984746220945433e-05,8.984736510720965e-05,8.984738587344765e-05,-2.6257195472717285,5.7129597663879395
stok,https://www.stok.dk/om-stok/miljoe.aspx https://www.stok.dk/om-stok/miljoe.aspx ,Danish,0.0001670845627535,0.0001670848864118,0.0001670845341085,0.9976608155398464,0.0001670845554502,0.0001670846695817,0.0001670846498686,0.0001670846226055,0.0001670846729602,0.0001670845359662,0.0001670845225546,0.0001670845848689,0.0001670845784973,0.0001670845287945,0.0001670845557313,3.40211820602417,0.6408365368843079
rebild,https://rebild.dk/demokrati/verdensmaal ,Danish,0.0001302084755404,0.0001302085224716,0.0001302084342084,0.2445795789640819,0.0001302084717558,0.0001302086163215,0.7537277106807131,0.0001302085346396,0.0001302085831775,0.000130208446542,0.0001302084305318,0.0001302084482199,0.0001302084987867,0.0001302084334325,0.0001302084595764,6.733639717102051,7.4498772621154785
billund,https://billund.dk/politik/hoeringer-og-afgoerelser/miljoe/ https://billund.dk/media/985977/baeredygtighed-i-billund-2014_1147941_13-74_v1-1.pdf ,Danish,0.0003115269246182,0.0003115270217243,0.0003115266909072,0.0003115273587559,0.0003115267881486,0.0738304871488258,0.9221196635923876,0.0003115269199837,0.0003115270228275,0.0003115267130017,0.0003115266889993,0.0003115267194153,0.0003115269625849,0.000311526690363,0.0003115267574559,6.900359153747559,7.553946495056152
handicap,https://handicap.dk/internationalt-samarbejde/handicap-i-udvikling/verdensmaal ,Danish,0.0001265023516091,0.0001265024034143,0.000126502326121,0.2937113443447164,0.000126502353519,0.0001265024680052,0.7046441247691476,0.0001265024063275,0.0001265024842038,0.0001265023382352,0.0001265023236276,0.0001265023465112,0.0001265024016268,0.000126502329609,0.000126502353326,6.646428108215332,7.264444828033447
heleverdeniskole,https://heleverdeniskole.dk/verdensmaalene/de-17-maal/ ,Danish,0.0041666705580447,0.0041666731395468,0.0041666694275383,0.9416665885044352,0.0041666710978849,0.0041666763290934,0.0041666804110956,0.004166673643006,0.0041666763133759,0.0041666698928186,0.0041666698614573,0.0041666699600934,0.0041666712619602,0.0041666693843068,0.0041666702153425,10.807835578918457,6.359260559082031
bornsvilkar,https://bornsvilkar.dk/verdensmaal/ ,Danish,7.593023503750011e-05,7.593025833720566e-05,7.593022722786722e-05,0.6423960063231523,7.593024021182115e-05,7.593029196710243e-05,0.3566169004587059,7.59302628336038e-05,7.593030645357115e-05,7.593022939802678e-05,7.59302233803091e-05,7.593023026771717e-05,7.593025055899108e-05,7.59302232784432e-05,7.59302391897075e-05,6.00799560546875,6.714178085327148
fm,https://fm.dk/arbejdsomraader/verdensmaal/ https://fm.dk/arbejdsomraader/klima-og-groen-oekonomi/ ,Danish,0.0003921573554641,0.0003921574110401,0.0003921571606632,0.171188635778919,0.0003921572804452,0.0003921577644449,0.8237133188041847,0.0003921574840713,0.0003921575754982,0.0003921571883813,0.0003921571773291,0.0003921572295453,0.0003921573839193,0.000392157162916,0.0003921572431775,6.782413482666016,7.432270526885986
globalis,https://www.globalis.dk/om-fn/fn-s-17-verdensmaal https://www.globalis.dk/tema/verdensmaalene ,Danish,0.0001089325959038,0.0001089326235637,0.0001089325718576,0.9984749431585924,0.0001089325924586,0.0001089326884257,0.0001089327796698,0.0001089326536131,0.0001089326966006,0.0001089325954482,0.0001089325667935,0.0001089325904034,0.0001089327192426,0.0001089325719186,0.0001089325955081,-1.6847261190414429,4.438879489898682
middelfart,https://www.middelfart.dk/Politik%20og%20demokrati/Vision%20og%20udvikling/FN ,Danish,0.0,0.0,0.0,0.0,0.0,0.0,0.0,0.0,0.0,0.0,0.0,0.0,0.0,0.0,0.0,4.5296244621276855,7.549177169799805
duf,https://duf.dk/dufs-arbejde/verdensmaal ,Danish,0.1436744263765519,0.0015151536048459,0.0015151533192573,0.3298431127228846,0.0015151537352312,0.0015151565040764,0.508300611250104,0.0015151552457693,0.001515154669388,0.0015151531729092,0.0015151535329684,0.0015151532876225,0.0015151555980518,0.0015151534043062,0.0015151535760329,6.552989482879639,6.828105926513672
ms,https://www.ms.dk/verdensmaal/beskrivelse ,Danish,0.0001796947052261,0.0001796948031365,0.0001796946656999,0.3671293079790987,0.0001796947052987,0.0001796948512948,0.6305346604809267,0.0001796947939282,0.0001796948596102,0.0001796946866442,0.0001796946582935,0.0001796946874818,0.0001796947481742,0.0001796946681323,0.0001796947070538,6.5428242683410645,7.306626319885254
erhvervsstyrelsen,https://erhvervsstyrelsen.dk/raadet-samfundsansvar-og-verdensmaal ,Danish,4.07000989052042e-05,4.0700104717555794e-05,4.070009290355096e-05,0.9800185963101506,4.070010134722856e-05,4.070013583654276e-05,0.0194523023394149,4.070011318241071e-05,4.070012956173188e-05,4.070009116935515e-05,4.070008625785019e-05,4.070009648446898e-05,4.070011792841009e-05,4.070008698468792e-05,4.070009515549446e-05,-3.3647875785827637,7.389981746673584
regionh,https://www.regionh.dk/miljoe/Sider/default.aspx https://www.regionh.dk/om-region-hovedstaden/udgivelser-fra-regionen/politikker-og-strategier/Sider/Verdensmaal-i-Region-Hovedstaden.aspx https://www.regionh.dk/til-fagfolk/miljoe/en-groennere-region/Klimatilpasning/Sider/S%C3%A5dan-arbejder-vi-med-klimatilpasning.aspx https://www.regionh.dk/til-fagfolk/miljoe/en-groennere-region/cirkulaer-oekonomi/Sider/S%C3%A5dan-arbejder-vi-med-cirkul%C3%A6r-%C3%B8konomi.aspx ,Danish,0.0001043298233026,0.0001043298477634,0.0001043297901859,0.9985393821844644,0.0001043298216161,0.0001043299511994,0.0001043299535786,0.0001043298533733,0.0001043298901911,0.0001043298000693,0.0001043297953531,0.0001043298023929,0.0001043298774903,0.0001043297977577,0.000104329811261,-1.9373232126235962,4.634226322174072
fnforbundet,https://fnforbundet.dk/for-skoler/mere-viden/verdensmaalene/ https://fnforbundet.dk/for-skoler/verdensmaal-paa-spil/ ,Danish,2.7244278535999565e-05,2.724428884379705e-05,2.7244271660833564e-05,0.7379505390022696,2.72442769813242e-05,2.7244299241090432e-05,0.2616952853379852,2.7244289746022225e-05,2.7244299176956177e-05,2.7244275480261556e-05,2.7244271381114936e-05,2.7244274876717578e-05,2.7244285893064585e-05,2.724427112634963e-05,2.7244276801296147e-05,5.746408939361572,6.559174060821533
kk,https://www.groen.kk.dk/da/alt-om-os/verdensmaal-i-fokus/ https://www.kk.dk/artikel/fns-verdensmaal-i-koebenhavn https://energispring.kk.dk/ https://www.kk.dk/sites/default/files/uploaded-files/koebenhavn_-_foerende_metropol_for_baeredygtig_vaekst_innovation_og_talent_07.06.pdf ,Danish,8.322941041498246e-05,8.322942797634731e-05,8.322938403503789e-05,0.8300921816662253,8.322941292805161e-05,0.0370263706139856,0.1318826947760074,8.322943911017506e-05,8.322947571477326e-05,8.322939596873542e-05,8.322938700078306e-05,8.322940432026481e-05,8.322941887596157e-05,8.322938555107956e-05,8.322940188514616e-05,4.779209613800049,7.256258010864258
kl,https://www.kl.dk/tema/verdensmaal/ ,Danish,0.0003853569405877,0.0003853571381099,0.0003853569007057,0.994605000872102,0.000385356976015,0.000385357607172,0.0003853576157507,0.0003853571341337,0.0003853573474241,0.0003853569086117,0.0003853568767832,0.0003853568948779,0.0003853570103162,0.0003853568496885,0.0003853569277209,8.605401039123535,0.6837641596794128
um,https://um.dk/da/danida/strategi%20og%20prioriteter/verdensmaal/ https://um.dk/da/danida/danida-business/ ,Danish,0.0005698013084281,0.0005698014959065,0.000569801252199,0.9920227793948984,0.0005698013793876,0.0005698023033809,0.0005698014689216,0.0005698014428471,0.0005698016805517,0.0005698012518739,0.0005698012801858,0.0005698011936039,0.0005698018814179,0.0005698012591052,0.0005698014072916,8.883731842041016,2.869252920150757
realdania,https://realdania.dk/nyheder/2020/09/fns-verdensmaal-er-vores-alle-sammens-maal https://realdania.dk/projekter/voresm%C3%A5l https://realdania.dk/ ,Danish,4.513659834579005e-05,4.513661562881786e-05,4.513658996366229e-05,0.9993680874701648,4.513659850525092e-05,4.513663969855723e-05,4.513665957229383e-05,4.513661652077247e-05,4.5136629814493726e-05,4.513659339170959e-05,4.513658865859171e-05,4.51365930289621e-05,4.513661405489659e-05,4.513658986832906e-05,4.513660278293141e-05,-3.652148962020874,7.5365166664123535
unicef,https://www.unicef.dk/fns-verdensmaal/ ,Danish,0.0002849006007479,0.0002849006873142,0.0002849005595075,0.5972384214979465,0.0002849006171277,0.0002849008552701,0.3990578701086107,0.0002849007212329,0.0002849009151931,0.0002849005715548,0.0002849005397848,0.0002849005660075,0.0002849006164332,0.0002849005516975,0.000284900591571,6.117652416229248,6.863675117492676
danskindustri,https://www.danskindustri.dk/SDG-verdensmal/forsta-verdensmalene/ https://www.danskindustri.dk/di-business/arkiv/nyheder/2019/2/virksomheder-satser-pa-baredygtig-forretning/ https://www.danskindustri.dk/klimaklarsmv https://www.danskindustri.dk/brancher/di-dansk-byggeri/analyse-og-politik/klima-energi-og-baredygtighed/baredygtighed/ ,Danish,3.0907167566305043e-05,3.090717823021851e-05,3.090716055948579e-05,0.9995672995906042,3.090716455184368e-05,3.090718629536108e-05,3.090719463829092e-05,3.0907175885504234e-05,3.090718456652135e-05,3.090715934184913e-05,3.090715748847793e-05,3.090716742767084e-05,3.090719028619079e-05,3.090715903093788e-05,3.0907163527191585e-05,-4.115577220916748,7.7376227378845215
regeringen,https://www.regeringen.dk/publikationer-og-aftaletekster/handlingsplan-for-fns-verdensmaal/ https://www.regeringen.dk/media/9591/aftaletekst.pdf ,Danish,0.0009661849382594,0.0009661848621365,0.0009661848946399,0.700476816920982,0.000966184923741,0.0009661857027364,0.2017640448893965,0.0009661853476942,0.0861649190353613,0.0009661848552029,0.0009661846430396,0.0009661847137939,0.0009661848180174,0.0009661846152701,0.000966184839728,5.6686015129089355,6.4668169021606445
odense,https://www.odense.dk/byens-udvikling/verdensmaal-i-odense/de-17-verdensmaal https://www.odense.dk/byens-udvikling/verdensmaal-i-odense ,Danish,2.5720192605015932e-05,2.5720202599850736e-05,2.572018503165153e-05,0.3059688971152641,2.572019177349448e-05,2.5720213773667104e-05,0.6936967403490575,2.5720203784280413e-05,2.572021215784727e-05,2.5720187788382373e-05,2.5720184747761388e-05,2.572018775233264e-05,2.5720197663289807e-05,2.5720185348526997e-05,2.572019065228126e-05,6.640213489532471,7.43659782409668
sst,https://www.sst.dk/da/Viden/Miljoe https://www.sst.dk/da/Viden/Miljoe/Sol-og-vejrforhold/Klimaaendringer ,Danish,0.0002789403499288,0.0002789405558228,0.0002789402798859,0.9960948339877882,0.0002789403435164,0.0002789408550662,0.0002789406546562,0.0002789404753479,0.0002789405398809,0.0002789403014445,0.0002789402670249,0.0002789402906831,0.000278940490064,0.0002789402774745,0.0002789403314149,8.701783180236816,-1.2711446285247803
samfundsansvar,https://samfundsansvar.dk/smver-og-fns-verdensmaal ,Danish,0.0005649723951108,0.0005649743621331,0.0005649723432157,0.9920903824739524,0.0005649724979653,0.0005649728505471,0.0005649730196498,0.0005649726707113,0.000564972851654,0.0005649723608857,0.000564972338369,0.0005649723751949,0.0005649726578577,0.0005649723381376,0.0005649724646147,8.933574676513672,2.903933525085449
redbarnet,https://redbarnet.dk/skole/vores-verdensmaal-ret-til-fremtiden/ https://redbarnet.dk/skole/boerns-rettigheder/verdensmaal-mellemtrin/ ,Danish,3.73902103538663e-05,3.739022720571608e-05,3.739020494340862e-05,0.9228320343353889,3.739021059820847e-05,3.739023900119768e-05,0.0766818928412045,3.739022558123246e-05,3.739024783479093e-05,3.739020957374616e-05,3.7390203822506805e-05,3.739021000095696e-05,3.739022131731479e-05,3.739020292740569e-05,3.739021024619922e-05,5.410475254058838,6.007378578186035
aktionverdensmaal,https://aktionverdensmaal.net/ ,Danish,0.0008658015789479,0.0008658019005048,0.0008658013753505,0.9878787755146125,0.000865801603848,0.0008658021760435,0.0008658025703426,0.0008658020181004,0.0008658023395046,0.0008658013995727,0.0008658013534459,0.0008658014641434,0.0008658017057569,0.0008658013840274,0.0008658016157984,9.706482887268066,4.953078269958496
frivilligcenter-odense,https://www.frivilligcenter-odense.dk/for-foreninger/foreningsservice/verdensmaal/ ,Danish,2.4609354029762403e-05,2.4609363775789423e-05,2.4609347055625027e-05,0.3266125717963641,2.4609353180400488e-05,2.4609373296663865e-05,0.6730675065714794,2.4609364617608985e-05,2.460937275421442e-05,2.4609349484569334e-05,2.460934665474457e-05,2.4609349528510537e-05,2.4609358494960745e-05,2.4609347158782703e-05,2.46093521248225e-05,6.615518569946289,7.3093061447143555
sweco,https://www.sweco.dk/baeredygtighed/fns-verdensmaal/ https://www.sweco.dk/baeredygtighed/ ,Danish,0.0002314817685929,0.0002314818076795,0.0002314816753192,0.9967592547933044,0.0002314817415705,0.0002314819465156,0.0002314821573779,0.0002314818405381,0.000231481950674,0.0002314816971759,0.0002314816903336,0.000231481702347,0.0002314818170418,0.0002314816812064,0.0002314817303223,8.417086601257324,-2.4704225063323975
tuborgfondet,https://www.tuborgfondet.dk/verdensmaal ,Danish,0.0001455605802933,0.0001455606259288,0.0001455605372132,0.9979621510224618,0.0001455605741593,0.0001455606745353,0.0001455612743376,0.0001455606277452,0.0001455607193514,0.0001455605432783,0.0001455605375136,0.0001455605486906,0.0001455606375143,0.0001455605365339,0.0001455605604426,2.0133414268493652,2.1150786876678467
deg,https://deg.dk/fileadmin/2._Aktuelt/1._Fokus/FN_s_verdensmaal/190405_Undersoegelse_om_FNs_verdensmaal_paa_erhvervsskolerne.pdf ,Danish,0.0,0.0,0.0,0.0,0.0,0.0,0.0,0.0,0.0,0.0,0.0,0.0,0.0,0.0,0.0,4.3763275146484375,7.492955684661865
via,https://www.via.dk/om-via/baeredygtighed https://www.via.dk/om-via/baeredygtighed/fns-verdensmaal ,Danish,0.0013333348295566,0.0013333353502532,0.0013333348391977,0.9813333087776954,0.0013333347555044,0.0013333357449201,0.0013333365135418,0.0013333352250206,0.0013333359323468,0.0013333345294381,0.0013333343963308,0.0013333346382649,0.0013333353986768,0.0013333343819212,0.0013333346873308,10.578210830688477,5.690588474273682
ds,https://www.ds.dk/da/nyhedsarkiv/2019/12/standarder-og-verdensmaalene https://www.ds.dk/da/standarder-fns-verdensmaal https://www.ds.dk/da/fagomraader/energi-miljoe-og-baeredygtighed ,Danish,0.0001471672071864,0.0001471672729017,0.0001471671709591,0.9979396587526498,0.0001471672036164,0.0001471672930639,0.0001471673580713,0.0001471672681781,0.0001471673161648,0.0001471671807067,0.0001471671686536,0.0001471671841734,0.0001471672589073,0.0001471671729206,0.000147167191846,2.0750646591186523,2.0584967136383057
planmiljoe,https://www.planmiljoe.dk/ https://www.planmiljoe.dk/b%C3%A6redygtigeindk%C3%B8b ,Danish,5.807208286059246e-05,5.807210968809146e-05,5.807207052001831e-05,0.999186990493496,5.807208111645518e-05,5.807212391075004e-05,5.807234892909625e-05,5.807209753541296e-05,5.807211370469732e-05,5.807206945176031e-05,5.807206479810324e-05,5.807208031006027e-05,5.807211568556734e-05,5.807206767011406e-05,5.807208032288092e-05,-3.203278064727783,7.217092990875244
fredericia,https://www.fredericia.dk/verdensmaalene https://www.fredericia.dk/system/files/cp-documents/3f1e3f79-2c16-ea11-911a-005056887949.pdf ,Danish,0.0003367007521977,0.0003367009282656,0.0003367006824524,0.6063285026619603,0.0003367007458557,0.3892943863099139,0.0003367013817223,0.0003367008975496,0.0003367010107095,0.0003367006765736,0.0003367006852712,0.0003367006911951,0.0003367011939879,0.0003367006599272,0.0003367007224172,5.441481590270996,2.08276629447937
taenk,https://taenk.dk/om-os/om-forbrugerraadet-taenk/verdensmaal ,Danish,0.0001056525338605,0.0001056526046547,0.0001056525189939,0.9985208641525244,0.0001056525306996,0.0001056526322705,0.000105652714422,0.0001056525683455,0.0001056526029981,0.0001056525167009,0.000105652513879,0.0001056525230666,0.0001056525456231,0.0001056525116624,0.0001056525302983,-1.846895456314087,4.524116516113281
rodekors,https://www.rodekors.dk/stoet/virksomheder/verdensmaal-sdg ,Danish,7.432191160389102e-05,7.432192738108883e-05,7.432190539896763e-05,0.998959492916166,7.432191619111585e-05,7.43219565375687e-05,7.432202038738466e-05,7.432193929709858e-05,7.432196175298279e-05,7.432191113499125e-05,7.432190163875606e-05,7.432196082887715e-05,7.432194734997686e-05,7.432190313768467e-05,7.432192119379748e-05,-3.0102319717407227,6.549761772155762
silkeborg,https://silkeborg.dk/Kommunen/Afdelinger-og-ledelse/Teknik-og-Miljoeafdelingen/Natur-og-Miljoe https://silkeborg.dk/Kommunen/Nyheder-Kommunen/Klimastrategi-skal-saette-fart-undr-den-groenne-omstilling ,Danish,0.0001705032029337,0.0001705032636678,0.0001705031426701,0.6657656050213429,0.0001705031835502,0.3320178532621203,0.000170503366883,0.0001705032432227,0.0001705032987182,0.0001705031420595,0.0001705031401846,0.0001705031578761,0.0001705032583322,0.0001705031429089,0.0001705031735291,5.348046779632568,2.0844571590423584
2030-panelet,https://www.2030-panelet.dk/ https://73c0bc82-2d65-499b-a2d9-058db92c21c2.filesusr.com/ugd/16b44f_c5e98828ea7847d4b0456388269ec13e.pdf ,Danish,0.000362319248784,0.0003623194440882,0.0003623192075509,0.5034622167439654,0.0003623192875971,0.4918276315268882,0.0003623199948921,0.000362319428699,0.0003623196392419,0.0003623192130514,0.0003623191653001,0.0003623191961002,0.0003623194692285,0.0003623191652247,0.0003623192693873,5.33372688293457,1.9715678691864014
loekkefonden,https://loekkefonden.dk/om-loekkefonden/fns-verdensmaal/ ,Danish,8.726014417349002e-05,8.726016555460216e-05,8.726012539884393e-05,0.8602532487657834,8.72601496106831e-05,8.726022289920983e-05,0.1386123692357627,8.726017193435533e-05,8.726020468746674e-05,8.726013143914733e-05,8.726012461293096e-05,8.726013280755295e-05,8.726015849900949e-05,8.726012499161328e-05,8.726014184514929e-05,5.404167652130127,6.347957134246826
sdu,https://www.sdu.dk/da/voresverdensmaal https://www.sdu.dk/da/voresverdensmaal/sdg_nyhedsliste ,Danish,7.601691843513195e-05,7.601684706244562e-05,7.601681196929455e-05,0.9989357637228108,7.601682336932384e-05,7.601690331863598e-05,7.601726238927966e-05,7.601688457727079e-05,7.601687550551918e-05,7.601681142799447e-05,7.60168184523984e-05,7.601681126173639e-05,7.601687294668331e-05,7.601681351783807e-05,7.60168229556326e-05,-2.948667287826538,6.466740608215332
bygherreforeningen,https://bygherreforeningen.dk/viden/baeredygtighed/bygherrens-arbejde-med-fns-verdensmaal/ ,Danish,0.0001452434551766,0.0001452435458914,0.0001452434333318,0.9979665908507812,0.0001452434687982,0.000145243590443,0.0001452438119017,0.0001452435319436,0.000145243580743,0.0001452434422267,0.0001452434253529,0.0001452434431287,0.0001452435384962,0.000145243428379,0.0001452434534051,2.0604875087738037,2.0664305686950684
regionsjaelland,https://www.regionsjaelland.dk/MILJO/Sider/default.aspx https://www.regionsjaelland.dk/Miljo/groen-omstilling/energiomstilling/Sider/default.aspx https://www.regionsjaelland.dk/Miljo/groen-omstilling/cirkul%C3%A6r%C3%B8konomi/Sider/default.aspx ,Danish,0.0004866186571187,0.0004866186968272,0.0004866184847886,0.993187338050734,0.0004866186111233,0.0004866190769475,0.0004866191860766,0.0004866187622896,0.0004866189186045,0.000486618545104,0.0004866185032118,0.0004866185455205,0.0004866188115931,0.0004866185463434,0.0004866186037163,8.447134017944336,2.263356924057007
dk-gbc,http://dk-gbc.dk/publikationer/fns-verdensmaal-og-dgnb/ ,Danish,0.0002136754826972,0.0002136755556795,0.0002136754298306,0.997008540644343,0.0002136754765618,0.0002136757400205,0.0002136776263789,0.000213675630468,0.0002136756460849,0.0002136754473338,0.0002136754221007,0.0002136754530875,0.0002136755407254,0.000213675433347,0.0002136754713408,8.06941032409668,-3.0130386352539062
fremtidensbiblioteker,https://www.fremtidensbiblioteker.dk/verdensml-og-ldre ,Danish,0.0001594898344263,0.0001594898762604,0.0001594897955444,0.95116491543894,0.0001594898445887,0.0001594899989054,0.0467617164261971,0.0001594898935498,0.0001594899577519,0.0001594898077974,0.0001594897991549,0.0001594898079263,0.0001594898939214,0.0001594898019881,0.000159489823047,5.248835563659668,5.79066801071167
faktalink,https://faktalink.dk/fns-klimamal-verdensmal ,Danish,0.000129954672564,0.0001299547488821,0.0001299546583454,0.9981806339242916,0.0001299546780739,0.0001299548244941,0.0001299548826902,0.0001299547458268,0.0001299547694186,0.0001299546629021,0.0001299546498805,0.0001299546572626,0.0001299547619061,0.0001299546615651,0.0001299547018963,1.1023832559585571,2.8342645168304443
soroe,https://vision2022.soroe.dk/ ,Danish,0.0037037068745977,0.0037037070401121,0.003703706957148,0.0037037112754353,0.0037037065392071,0.948148099799866,0.0037037087478959,0.0037037073347782,0.003703708548544,0.0037037058158311,0.0037037054293156,0.0037037059667678,0.0037037074897717,0.00370370576587,0.0037037064148588,5.213613510131836,1.7936248779296875
undp,https://www.dk.undp.org/content/denmark/da_dk/home/sustainable-development-goals.html https://www.dk.undp.org/content/denmark/da_dk/home/presscenter/pressreleases/2018/05/14/15-danske-virksomheder-udvikler-b-redygtig-forretning-sammen-med-fn-eksperter-i-fn-byen.html ,Danish,7.084671515199201e-05,7.084672834871319e-05,7.084670110337449e-05,0.8911203307685722,7.084671345086469e-05,7.084677581234392e-05,0.1079586618046428,7.084673870794824e-05,7.084676489667858e-05,7.08467021877334e-05,7.084669445808225e-05,7.084672146847886e-05,7.084676562361193e-05,7.084669552556247e-05,7.084671004939784e-05,5.292691707611084,6.252082347869873
matas,https://www.matas.dk/hjertesager/fn-verdensmaal https://www.matas.dk/hjertesager/baeredygtighed ,Danish,0.0002002005040162,0.0002002006237917,0.00020020043276,0.9272395459482692,0.000200200471334,0.0002002006239628,0.0701578474645152,0.0002002005665211,0.0002002006383392,0.0002002004473743,0.0002002004419688,0.0002002004523736,0.000200200489809,0.0002002004353748,0.0002002004595896,5.336968421936035,6.052360534667969
bureauveritas,https://www.bureauveritas.dk/da/sdg ,Danish,0.0002534856721549,0.000253485803643,0.0002534856416974,0.9964511994635992,0.0002534857136677,0.0002534859172932,0.0002534859696908,0.0002534858020632,0.0002534859292229,0.0002534856609868,0.0002534856256451,0.0002534856796823,0.0002534858121903,0.0002534856325238,0.0002534856759389,8.563874244689941,-1.9363045692443848
samsoe,https://gronvarme.samsoe.dk/ ,Danish,0.000925927445996,0.0009259278783913,0.0009259270598475,0.9870370170467352,0.000925926976896,0.0009259278822359,0.0009259281150173,0.0009259275597855,0.0009259276430697,0.0009259269145662,0.0009259268615164,0.0009259271808069,0.0009259273766835,0.0009259269543835,0.0009259271040685,9.881681442260742,5.168119430541992
ecolabel,https://www.ecolabel.dk/da/blomsten-og-svanen/fns-verdensmaal https://www.ecolabel.dk/da/forbruger/baeredygtig-livsstil/hvad-er-baeredygtighed https://www.ecolabel.dk/da/forbruger/baeredygtig-livsstil/hvad-er-baeredygtighed https://www.ecolabel.dk/da/forbruger/baeredygtig-livsstil/5-tips-til-et-mere-baeredygtigt-forbrug ,Danish,4.187609763890955e-05,4.1876133807226336e-05,4.1876087912229e-05,0.9994137345184434,4.187609456674702e-05,4.1876124221600735e-05,4.187614290282354e-05,4.18761116378002e-05,4.187612992234413e-05,4.187609051329757e-05,4.187608813064709e-05,4.187609284819915e-05,4.187610359878158e-05,4.187608937750207e-05,4.1876094478331215e-05,-3.715895652770996,7.510023593902588
csr,https://csr.dk/20-procent-af-danske-virksomheder-arbejder-med-fn%E2%80%99s-verdensm%C3%A5l https://csr.gl/verdensmaal/ https://csr.dk/b%C3%A6redygtighed-bliver-en-giga-god-forretning-9 https://csr.dk/%C3%B8stjyske-virksomheder-s%C3%A5dan-forener-vi-b%C3%A6redygtighed-og-forretning https://csr.gl/2021/03/04/ipuk-med-kurs-mod-baeredygtig-forretning/ ,Danish,2.1836477915231423e-05,2.183648279162313e-05,2.183646897203656e-05,0.9996942891699424,2.183647273934207e-05,2.1836489468245207e-05,2.1836630348349305e-05,2.183648201285376e-05,2.18364872593366e-05,2.1836469963280784e-05,2.183646802057984e-05,2.1836472838725485e-05,2.183648668580779e-05,2.183646872509975e-05,2.183647231696612e-05,-4.210452556610107,7.818206787109375
deloitte,https://www2.deloitte.com/dk/da/pages/brancheanalyser/byggeanalysen/bygge-og-anlaegsbranchen-og-fns-verdensmal.html ,Danish,6.720439914778248e-05,6.720442643593591e-05,6.720437172785081e-05,0.9990591383576694,6.720438333339301e-05,6.720444642661737e-05,6.720448561584512e-05,6.72044152269735e-05,6.720442682694276e-05,6.720437953291724e-05,6.720437176815383e-05,6.720438143700125e-05,6.720439713336642e-05,6.720437390617749e-05,6.720438381156454e-05,-3.1104583740234375,6.941342830657959
odsherred,https://www.odsherred.dk/politik/politikker-og-planer/politikker/miljoe-og-klima ,Danish,0.0005376353708949,0.0005376352213542,0.0005376347581463,0.0005376355703093,0.000537634893135,0.0005376361044369,0.992473107636317,0.0005376352045715,0.0005376352090466,0.0005376348291977,0.0005376348160412,0.0005376347949329,0.0005376358887136,0.0005376348079556,0.0005376348949467,6.741943359375,7.483485221862793
menneskeret,https://menneskeret.dk/emner/fns-verdensmaal https://menneskeret.dk/emner/fns-verdensmaal ,Danish,0.0001955036156256,0.000195503703482,0.0001955035677377,0.5081813056602696,0.000195503608974,0.0001955037769286,0.0001955039292368,0.0001955037030983,0.4892771468200825,0.0001955035773439,0.0001955035582842,0.0001955035975952,0.000195503690954,0.0001955035882415,0.0001955036021455,10.279317855834961,6.025774002075195
danskebank,https://danskebank.dk/private-banking/om-private-banking/nyheder/vi-har-valgt-de-verdensmaal-hvor-vi-skaber-stoerst-effekt https://danskebank.com/da/baeredygtighed/baeredygtig-finans https://danskebank.com/da/baeredygtighed ,Danish,5.3806898943576654e-05,5.380692591575375e-05,5.380689185054348e-05,0.9992467031236308,5.380690099758324e-05,5.380693258499994e-05,5.38070574321461e-05,5.380692132633948e-05,5.380693680040288e-05,5.380689487052913e-05,5.380689109407467e-05,5.380690731356762e-05,5.3806923452724505e-05,5.380689444575895e-05,5.380689934104588e-05,-3.3717141151428223,7.3487396240234375
dnvgl,https://www.dnvgl.dk/services/dnv-gl-verdensmalscertificering-166217 ,Danish,0.0002355715083774,0.0002355716034284,0.0002355714763542,0.996701997763518,0.0002355715305178,0.0002355717583117,0.0002355719422012,0.0002355716280749,0.0002355717449034,0.0002355714843185,0.0002355714671439,0.0002355715092376,0.000235571590969,0.0002355714740135,0.0002355715186301,8.241301536560059,-2.5964503288269043
runi,https://www.runi.dk/om-os/verdensmaal ,Danish,0.0003333338005025,0.1050318045573357,0.000333333737049,0.8906348552042264,0.0003333337594932,0.0003333340218043,0.0003333341598683,0.0003333339830009,0.0003333340046387,0.0003333337762403,0.0003333337531476,0.0003333337950644,0.0003333338998998,0.0003333337617532,0.0003333337859748,8.001001358032227,2.019460439682007
energihjem,https://energihjem.dk/ ,Danish,0.0003333337567194,0.0003333338552984,0.0003333336895336,0.9953333263383304,0.0003333337621365,0.00033333403584,0.0003333342904356,0.0003333338546552,0.0003333339478434,0.0003333336982344,0.0003333336867402,0.0003333337170001,0.0003333339168949,0.00033333369334,0.0003333337569975,8.64614200592041,-0.28957200050354004
aalborgportland,https://www.aalborgportland.dk/ ,Danish,0.0047619085323738,0.0047619117751394,0.0047619076292297,0.93333325889608,0.0047619088371203,0.0047619115785439,0.0047619106752307,0.0047619106728752,0.0047619178097709,0.0047619082481881,0.0047619081446783,0.0047619082212951,0.0047619124671314,0.0047619077487645,0.004761908763578,10.897441864013672,6.330284595489502
viegandmaagoe,https://viegandmaagoe.dk/ ,Danish,0.0007246387240892,0.0007246386368191,0.000724638461671,0.98985505635224,0.0007246386654108,0.0007246395095584,0.0007246394098768,0.0007246388802248,0.00072463925323,0.0007246384484806,0.0007246384216718,0.0007246387199152,0.0007246394545338,0.0007246384752802,0.0007246385869972,9.332457542419434,3.549633502960205
concito,https://www.concito.dk/ ,Danish,0.0005952388093267,0.0005952389975187,0.0005952386590508,0.9916666554779824,0.0005952387697658,0.0005952392076334,0.0005952393186738,0.0005952390333805,0.0005952391958765,0.0005952386713932,0.0005952386456865,0.000595238698383,0.0005952390870257,0.0005952386515911,0.0005952387767115,9.036252975463867,3.044645309448242
danskaffaldsforening,https://danskaffaldsforening.dk/ ,Danish,0.1010325609530014,0.0007092216198305,0.0007092208378469,0.5722651103396517,0.0007092209946659,0.0007092217651034,0.3181916750362462,0.0007092212184026,0.0007092212886302,0.0007092208856038,0.0007092208389791,0.0007092208715312,0.0007092215246796,0.0007092209008749,0.0007092209249521,6.416491985321045,6.55220365524292
vetcur,https://www.vetcur.dk/ ,Danish,0.0003072200437675,0.0003072209072852,0.0003072199757826,0.995698918226284,0.000307220027042,0.0003072202130088,0.0003072202345629,0.000307220125809,0.0003072202101142,0.0003072199748147,0.0003072199712108,0.0003072200198494,0.0003072200263915,0.0003072199759606,0.0003072200681161,8.709556579589844,-0.7176753878593445
biogan,https://biogan.dk/ ,Danish,0.0003944777698685,0.0003944779429225,0.0003944777383914,0.9944773100583022,0.0003944777964856,0.0003944780718671,0.0003944779621899,0.0003944779306162,0.000394477996612,0.0003944777160754,0.0003944777614149,0.000394477779063,0.0003944779376568,0.0003944777387283,0.0003944777998054,8.521029472351074,0.8579210042953491
tapasamor,https://tapasamor.dk/ ,Danish,0.0011695922963723,0.0011695934759753,0.0011695919841765,0.9836257035865305,0.0011695922558462,0.0011695932027263,0.0011695927425968,0.0011695926255264,0.0011695941677055,0.0011695921603127,0.0011695922681662,0.0011695920575545,0.0011695927313984,0.0011695922044842,0.0011695922406274,10.527572631835938,5.807040214538574
energinet,https://energinet.dk/ ,Danish,0.0035087764605534,0.0035087788221818,0.0035087776426176,0.9508771103230398,0.0035087767918863,0.0035087788772147,0.0035087831243878,0.003508778678064,0.0035087798074293,0.0035087761405472,0.0035087762479692,0.0035087757392344,0.0035087779305811,0.0035087764562398,0.0035087769580532,10.989531517028809,6.393865585327148
seismonaut,https://seismonaut.com/fn-verdensmaal-og-turisme ,Danish,8.492579703602556e-05,8.492582460384986e-05,8.492578242484764e-05,0.9988110385371024,8.492579571119353e-05,8.49258594438263e-05,8.49259423154018e-05,8.492583285094972e-05,8.492586445193807e-05,8.492578411782855e-05,8.492577491643724e-05,8.492579440929948e-05,8.492583411709498e-05,8.492578047849439e-05,8.492579602035527e-05,-2.7448251247406006,5.902812957763672
hedensted,"https://www.hedensted.dk/borger/affald,-bolig-og-flytning/byggeri/soeg-byggetilladelse https://www.hedensted.dk/hedensted_data/dagsorden/Byraadet_2018-2021/26-08-2020/ID2902/Bilag/Punkt_119_Bilag_1_Groen_strategi_2020pdf.pdf ",Danish,0.0001355015040528,0.1978963934111386,0.000135501469423,0.8003420864881143,0.0001355015009534,0.0001355017117368,0.0001355016422355,0.0001355015523349,0.0001355016250069,0.0001355014738927,0.000135501469075,0.0001355014851747,0.0001355016991908,0.0001355014735727,0.0001355014940971,5.888697624206543,4.347649574279785
torvekoekken,https://torvekoekken.dk/ ,Danish,0.0003058107550714,0.0003058110328647,0.0003058107043849,0.9957186480672314,0.0003058107602601,0.0003058114733984,0.000305811035073,0.0003058108571792,0.000305810961336,0.0003058106899183,0.000305810688581,0.0003058107329528,0.0003058108100251,0.0003058106838075,0.0003058107479156,8.652695655822754,-0.6874102354049683
danishcrown,https://www.danishcrown.com/da-dk/ ,Danish,0.0006289316238241,0.0006289318449788,0.0006289315553918,0.991194955290428,0.0006289316819561,0.0006289320778103,0.0006289322156605,0.0006289318984452,0.0006289320492788,0.0006289315974488,0.0006289315496147,0.0006289316193012,0.0006289316382561,0.0006289315477718,0.0006289318098332,9.130267143249512,3.1510837078094482
danskelbilalliance,https://www.danskelbilalliance.dk/ ,Danish,0.0166666809018955,0.0166666855181436,0.0166666728644474,0.7666664038332544,0.0166666792465178,0.0166667318202107,0.0166666969626268,0.0166666931070998,0.0166666946285481,0.0166666732347999,0.0166666732445743,0.016666674032327,0.0166666881661669,0.0166666715294381,0.0166666809099491,10.91972827911377,6.262240409851074
dankoeling,https://dankoeling.dk/miljoe/ ,Danish,0.0004273510478285,0.0004273513880212,0.0004273509229007,0.9940170845197336,0.0004273510084923,0.0004273513025218,0.0004273516106394,0.0004273511596698,0.0004273512253209,0.0004273509531547,0.0004273509278048,0.0004273509646016,0.0004273510066406,0.000427350955005,0.0004273510076642,8.458562850952148,1.3796215057373047
esbjerg,https://www.esbjerg.dk/politik-og-demokrati/byraad-og-udvalg/politiske-udvalg/plan-miljoe https://www.esbjerg.dk/planer-projekter-og-trafik/planer/kommuneplan/planstrategi-2022-34/baggrundsrapport/groen-by-og-groen-omstilling/groen-omstilling-af-energiforsyningen ,Danish,0.3700226811921567,9.45627986709676e-05,9.456272065151435e-05,0.6287480027189576,9.456274760155571e-05,9.456290030558518e-05,9.456286452803872e-05,9.45627931929316e-05,9.456281974453186e-05,9.456272693692432e-05,9.456273240874276e-05,9.456273049476424e-05,9.456278257586414e-05,9.456272962307678e-05,9.456274215126482e-05,9.582755088806152,6.055423736572266
danishhealthtech,https://danishhealthtech.dk/7-konkrete-ideer-saadan-arbejder-du-med-fns-verdensmaal-i-din-virksomhed-og-tjener-penge/ ,Danish,6.922818156518762e-05,6.922821566419117e-05,6.922817063986511e-05,0.999030805086118,6.922818361589339e-05,6.922823412751408e-05,6.922838489722876e-05,6.922821446470286e-05,6.922824414040095e-05,6.922817139158038e-05,6.922816517400496e-05,6.922818537177795e-05,6.922821615392215e-05,6.92281678415269e-05,6.922817883422328e-05,-3.0749363899230957,6.8707966804504395
industriensfond,https://www.industriensfond.dk/tema-b%C3%A6redygtig-produktion https://www.industriensfond.dk/IPUK ,Danish,9.704040135666574e-05,9.70404421468571e-05,9.704038264082416e-05,0.9986414340668366,9.704040241852276e-05,9.704047986240596e-05,9.704048382752612e-05,9.704043818143762e-05,9.70404478937234e-05,9.704039045760348e-05,9.704038156336615e-05,9.704039395383232e-05,9.704050576292422e-05,9.704038527120156e-05,9.70403978267616e-05,-2.3382909297943115,5.215132713317871
bu,https://bu.dk/bu-i-danmark/implementering-johannesburg/baeredygtig-produktion-og-forbrug/ https://bu.dk/ ,Danish,0.0001071813610104,0.0001071813077646,0.000107181255108,0.998499461759825,0.0001071812724373,0.0001071813794466,0.0001071813703838,0.0001071813188928,0.000107181352551,0.0001071812534266,0.0001071812528147,0.000107181257691,0.0001071813269977,0.0001071812613555,0.0001071812702944,-1.769325613975525,4.384406089782715
erhvervsraadet,https://www.erhvervsraadet.dk/groen-forretning https://www.erhvervsraadet.dk/groen-forretning/groen-forretning ,Danish,0.0004597707679869,0.0004597707751342,0.0004597705767487,0.993563208239368,0.0004597707572938,0.0004597719319925,0.0004597712809209,0.0004597708182294,0.0004597710191483,0.0004597705562005,0.0004597705967407,0.0004597706414925,0.0004597707874457,0.0004597705824276,0.0004597706688698,8.459722518920898,2.0134341716766357
cavemakers,https://cavemakers.dk/fn-verdensmaal/ ,Danish,0.0008333341981268,0.0008333344133665,0.0008333340660523,0.9883333191387076,0.0008333342682799,0.0008333344945499,0.0008333352704492,0.0008333345155597,0.0008333348721701,0.0008333340698181,0.0008333340127161,0.0008333341810177,0.0008333342195489,0.0008333340788872,0.0008333342007489,9.680754661560059,4.900822639465332
copenhagencartel,https://copenhagencartel.dk/ ,Danish,0.0001461989877691,0.0001461991034307,0.0001461989703593,0.9979532136308088,0.0001461989800794,0.0001461990679585,0.0001461990741082,0.0001461990632109,0.00014619920433,0.0001461989681603,0.0001461989600629,0.0001461990062633,0.000146199034144,0.0001461989612853,0.0001461989880287,2.07472825050354,2.055936574935913
klimabevaegelsen,https://www.klimabevaegelsen.dk/ ,Danish,0.002666670957482,0.0026666703541298,0.0026666703573797,0.9626666028225964,0.002666670806008,0.0026666713273624,0.0026666760905706,0.0026666712021698,0.0026666727840579,0.0026666705069308,0.0026666703672734,0.0026666707654843,0.0026666707259901,0.0026666701687351,0.0026666707638289,10.797563552856445,6.059633255004883
ucl,https://www.ucl.dk/blog/Ledelse-og-organisation/baeredygtighed-kunsten-at-omsaette-luftige-begreber-til-virkelighedens-forretning ,Danish,0.0001209922705445,0.0001209923208435,0.0001209922489546,0.998306107907552,0.0001209922700613,0.0001209923471846,0.0001209923575819,0.0001209923263266,0.0001209923626172,0.0001209922518084,0.0001209922438933,0.0001209922666987,0.0001209923025671,0.0001209922501394,0.0001209922732263,0.5207023024559021,3.213481903076172
computerworldevents,https://computerworldevents.dk/1126/saadan-goer-it-baeredygtighed-til-en-god-forretning?ref=cw-eventbox ,Danish,0.0001806687444203,0.0001806687810949,0.0001806687234854,0.9974706356355436,0.0001806687361446,0.0001806688604627,0.0001806688787059,0.000180668782571,0.0001806688201916,0.0001806686999087,0.0001806687035742,0.000180668840474,0.0001806703747385,0.0001806686983862,0.0001806687202977,3.4532577991485596,0.5775166153907776
gyldendal,https://naturfagsproeven.gyldendal.dk/forloeb/3-produktion-med-baeredygtig-udnyttelse-af-naturgrundlaget ,Danish,0.022222239066921,0.0222222486876298,0.0222222323989924,0.6888884464752901,0.0222222369404046,0.0222222414062521,0.0222224368551141,0.0222222525910015,0.0222222485361833,0.0222222341212279,0.0222222333033669,0.0222222370420005,0.0222222438579102,0.0222222321912658,0.0222222365264394,10.932976722717285,6.2188591957092285
combine,https://combine.dk/indsigter/baeredygtighed-er-god-forretning/ ,Danish,0.0002525255817719,0.0002525256161254,0.0002525255016129,0.9964646390951536,0.0002525255845341,0.0002525281384726,0.0002525257609276,0.0002525256439016,0.0002525257741053,0.0002525255280673,0.0002525255002394,0.0002525255199309,0.0002525256975245,0.000252525511733,0.0002525255458992,8.522308349609375,-1.9935613870620728
promentum,https://promentum.dk/baeredygtighed-er-en-giga-god-forretning/ ,Danish,9.070306791929547e-05,9.070309515793136e-05,9.070305032741264e-05,0.9987301568280657,9.070305796046014e-05,9.070313691176317e-05,9.070318504232104e-05,9.07030991505094e-05,9.070311144822268e-05,9.070304531681904e-05,9.070303509064574e-05,9.070307862514996e-05,9.070311751821054e-05,9.070303752130995e-05,9.070305394444584e-05,-2.5675528049468994,5.602587699890137
ens,https://ens.dk/ansvarsomraader/forskning-udvikling/eudp ,Danish,3.019327085198584e-05,3.0193285858685037e-05,3.0193261128083028e-05,0.5584115205503516,3.019326787761778e-05,3.0193312617709525e-05,3.0193309839389477e-05,3.0193283391867323e-05,3.0193290892701813e-05,3.019326223525045e-05,3.0193259908700943e-05,3.0193263432971143e-05,0.4411959668532806,3.019326131524103e-05,3.019326701745457e-05,4.943328380584717,6.452361106872559
dn,https://www.dn.dk/vi-arbejder-for/baeredygtighed/ https://www.dn.dk/vi-arbejder-for/baeredygtighed/ ,Danish,0.0002306808099347,0.0002306810764022,0.0002306807451896,0.9967704682173636,0.0002306807767257,0.000230680941491,0.0002306810472924,0.0002306808689932,0.0002306809361067,0.0002306807458222,0.0002306807454635,0.0002306807613081,0.0002306808037313,0.0002306807452357,0.0002306807789396,8.240315437316895,-2.6894519329071045
ecoinnovation,https://ecoinnovation.dk/groen-innovation/ ,Danish,0.0005012537184692,0.0005012540958482,0.0005012538557547,0.9929824456035234,0.0005012536958487,0.0005012542729236,0.0005012547206621,0.0005012539245271,0.0005012540362049,0.000501253647729,0.000501253578894,0.0005012536454683,0.0005012539758001,0.0005012535492423,0.0005012536791038,8.610820770263672,2.4676852226257324
ikea,https://www.ikea.com/dk/da/this-is-ikea/newsroom/baeredygtighedivoresforretning2020-pub258a0fe9 https://www.ikea.com/dk/da/this-is-ikea/sustainable-everyday/ ,Danish,6.044130932323191e-05,6.0441318139850055e-05,6.044128874927224e-05,0.9991538216978284,6.044129412727196e-05,6.04413454088074e-05,6.044134728725286e-05,6.044131802769471e-05,6.044133064028499e-05,6.04412858836183e-05,6.044128432829671e-05,6.044129257298112e-05,6.044130654548247e-05,6.044128522576314e-05,6.044129591145282e-05,-3.2435860633850098,7.1723313331604
projectzero,https://www.projectzero.dk/ ,Danish,0.0002267577666774,0.0002267577762588,0.0002267576446853,0.996825389858715,0.0002267576819701,0.0002267594254918,0.0002267579910264,0.0002267577955032,0.0002267578077841,0.00022675764504,0.0002267576504694,0.000226757655737,0.0002267579775887,0.0002267576448012,0.000226757678251,8.109498023986816,-2.8641011714935303
kruger,https://www.kruger.dk/om-os/en-baeredygtig-forretning ,Danish,0.0001179942542775,0.0001179942889802,0.0001179942050461,0.998348080340802,0.0001179942303331,0.0001179943273252,0.0001179943949882,0.0001179942885446,0.0001179943151346,0.0001179942164228,0.0001179942081202,0.0001179942199305,0.0001179942704499,0.0001179942104571,0.0001179942291871,0.4436056911945343,3.2552194595336914
nordea,https://www.nordea.com/da/baeredygtighed/baeredygtig-forretning/ https://www.nordea.com/da/baeredygtighed/baeredygtighed-i-nordea/ ,Danish,0.0002252254917642,0.0002252256215262,0.0002252255172832,0.9968468422452664,0.0002252255050654,0.0002252257251692,0.0002252256931578,0.0002252255795597,0.0002252256390433,0.0002252254679024,0.0002252254614668,0.0002252255442003,0.0002252255501119,0.0002252254591288,0.000225225499354,8.170066833496094,-2.8885538578033447
mannaz,https://www.mannaz.com/da/artikler/ledelse/baeredygtighed-god-forretning/ https://www.mannaz.com/da/kurser-og-uddannelser/skab-baeredygtige-resultater-17-verdensmal/ ,Danish,3.8117064245224776e-05,3.811708210391044e-05,3.811705551769125e-05,0.9994663608004172,3.8117063171608936e-05,3.811708381228956e-05,3.811729752686528e-05,3.811707847815808e-05,3.811709412095621e-05,3.81170581519797e-05,3.811705536061436e-05,3.811706458635957e-05,3.811708363016589e-05,3.811705629621322e-05,3.8117062580999744e-05,-3.84413480758667,7.589029312133789
geus,https://www.geus.dk/produkter-ydelser-og-faciliteter/publikationer/populaervidenskab/boeger/mineralske-raastoffer-baeredygtighed-og-innovation/ ,Danish,0.0018518538539261,0.0018518564924309,0.0018518535007804,0.9740740368023864,0.0018518540873537,0.0018518563277845,0.0018518560577812,0.0018518548716731,0.0018518550079797,0.0018518535912726,0.0018518534548617,0.0018518538129014,0.0018518547212817,0.0018518535244809,0.0018518538931051,10.618826866149902,5.830448627471924
celsa-steelservice,https://celsa-steelservice.dk/kvalitet-og-miljo/baeredygtig-produktion/ ,Danish,0.0002656046152611,0.0002656048963836,0.0002656045518834,0.996281534259138,0.0002656045781933,0.0002656047684623,0.0002656054353753,0.000265604744281,0.000265604752167,0.0002656045576296,0.0002656045346084,0.0002656045662318,0.0002656046180385,0.0002656045361208,0.0002656045862253,8.73208236694336,-1.4524027109146118
groenvaekst,https://groenvaekst.dk/ ,Danish,0.0002721099213068,0.0002721093047973,0.0002721091665618,0.9961904694088072,0.0002721092311149,0.0002721095356708,0.0002721094467016,0.0002721092833957,0.0002721093795453,0.0002721091689017,0.0002721092050686,0.0002721091750638,0.0002721093693932,0.0002721091796693,0.0002721092240012,8.635541915893555,-1.3323348760604858
seimei,https://seimei.eu/ ,Danish,0.0003490406121792,0.0003490407397448,0.0003490405591978,0.995113430906514,0.0003490405898319,0.0003490408944445,0.0003490408146428,0.0003490406928176,0.0003490407613431,0.0003490405449546,0.0003490405397075,0.0003490405466824,0.000349040654451,0.0003490405253946,0.0003490406180935,8.654778480529785,-0.07714103162288666
norlys,https://norlys.dk/erhverv/energi/energioptimering/baeredygtighed ,Danish,0.0001008574081158,0.0001008574326769,0.000100857387835,0.9985879960436488,0.0001008574121005,0.0001008574960428,0.0001008574713177,0.0001008574420712,0.0001008574696364,0.0001008573866879,0.0001008573838064,0.0001008574004591,0.0001008574727854,0.000100857389511,0.0001008574033041,-2.1408019065856934,4.888815402984619
buildinggreen,https://buildinggreen.eu/baeredygtigbyggeproces/ https://buildinggreen.eu/baeredygtigbyggeproces/ ,Danish,5.782025404945824e-05,5.782027131268759e-05,5.782024398640558e-05,0.9991905162974392,5.7820255783563714e-05,5.782030628402721e-05,5.782029468009304e-05,5.782027758234023e-05,5.782029021574386e-05,5.782024492092369e-05,5.782024298570495e-05,5.782024713475813e-05,5.7820278977044366e-05,5.7820242574680536e-05,5.78202520735228e-05,-3.3110125064849854,7.293112277984619
dtu,https://engtech.dtu.dk/erhvervssamarbejde/baeredygtig-produktion http://www.bridging.dtu.dk/Projekter ,Danish,0.0004535154288506,0.0004535154071627,0.0004535152848719,0.9936507842481324,0.0004535153289486,0.0004535155590917,0.0004535158432609,0.0004535154967471,0.0004535155234656,0.0004535152262899,0.0004535152270107,0.0004535152931256,0.0004535155885846,0.0004535152419274,0.0004535153025292,8.424262046813965,1.8638134002685547
koldinghavn,https://koldinghavn.dk/ ,Danish,0.0003968260213425,0.0003968261536112,0.0003968260484787,0.9944444322414788,0.0003968263978709,0.0003968280248876,0.0003968263495519,0.0003968261152022,0.000396826221692,0.0003968260814558,0.0003968260476405,0.0003968260683335,0.0003968261283679,0.0003968260263561,0.0003968260737299,8.491915702819824,0.8150902390480042
magasinet360,https://magasinet360.dk/magasiner/2020-2/saadan-paavirker-coronakrisen-verdensmaal ,Danish,0.0001116695961336,0.0001116696393159,0.0001116695742963,0.9450086781091682,0.0001116695966496,0.0001116696600551,0.0535396169432472,0.0001116696510217,0.0001116696922387,0.0001116695923977,0.0001116695728907,0.0001116695885933,0.0001116696138289,0.0001116695743553,0.0001116695958073,5.284786701202393,5.816102504730225
ehfyn,https://ehfyn.dk/baeredygtig_forretningsudvikling https://ehfyn.dk/baeredygtig_strategi_forloeb ,Danish,0.0001221002950614,0.0001221003196991,0.0001221002516711,0.9982905957364704,0.00012210028091,0.000122100423468,0.0001221003531939,0.0001221003119942,0.0001221003708535,0.0001221002551246,0.0001221002529576,0.000122100261391,0.000122100361486,0.0001221002613409,0.0001221002643772,0.6617928743362427,3.104710340499878
au,https://bss.au.dk/insights/business-1/2019/vanskelige-verdensmaal-baeredygtig-forretning/ https://medarbejdere.au.dk/baeredygtighed/ ,Danish,8.818353234901625e-05,8.81835749836105e-05,8.818351483495562e-05,0.9987654299666195,8.818352782855396e-05,8.818357120175272e-05,8.818357806697693e-05,8.818357165176269e-05,8.818394530244614e-05,8.818351712731915e-05,8.818351505839526e-05,8.818354576483398e-05,8.818359587677879e-05,8.81835165186324e-05,8.81835268153163e-05,-2.6892294883728027,5.7229838371276855
nobia,https://careers.nobia.com/dk/at-arbejde-hos-os-dk/baeredygtighed/ ,Danish,0.0003044143756679,0.0003044144726584,0.0003044143503438,0.9957381978064628,0.0003044143744459,0.0003044145285685,0.0003044147691592,0.0003044144907702,0.0003044146351557,0.0003044143577376,0.0003044143228233,0.0003044143759107,0.0003044144214586,0.0003044143413867,0.0003044143774502,8.699009895324707,-0.8106966018676758
ey,https://www.ey.com/da_dk/news/2021/03/vaekst-og-baeredygtighed-smelter-sammen ,Danish,0.0001024066730928,0.0001024067047636,0.000102406651265,0.9985663062868796,0.0001024066708372,0.0001024067481979,0.0001024068297608,0.0001024067137342,0.0001024067306341,0.0001024066592876,0.0001024066471452,0.0001024066651568,0.0001024067025151,0.0001024066478338,0.0001024066688957,-2.02421498298645,4.742468357086182
baeredygtighed-maerket,https://baeredygtighed-maerket.dk/ ,Danish,0.0001474927836173,0.000147492890913,0.0001474927555893,0.9979351007371656,0.0001474927756336,0.0001474928537793,0.000147492864635,0.0001474928370829,0.0001474928812369,0.0001474927554627,0.0001474927534763,0.0001474927641707,0.0001474928119258,0.0001474927564421,0.0001474927788691,2.0925371646881104,2.0403623580932617
thetradecouncil,https://thetradecouncil.dk/indsigter/sdg-cases ,Danish,0.0011299449730598,0.001129945346235,0.0011299448611362,0.9841807658292882,0.0011299451143045,0.001129946948904,0.0011299452925215,0.0011299452406203,0.0011299457137705,0.0011299448604889,0.0011299449168436,0.0011299447445029,0.0011299461135938,0.0011299448748829,0.0011299451698472,10.16076374053955,5.651775360107422
effektivitet,https://effektivitet.dk/magasin/baeredygtighed/store-danske-virksomheder-markedsforer-baeredygtighed/ ,Danish,3.174607368707861e-05,3.174609535948202e-05,3.174606309298464e-05,0.9995555549221312,3.174606825094337e-05,3.17460977047631e-05,3.174609873459024e-05,3.174608350929026e-05,3.174609037191727e-05,3.1746064950731734e-05,3.174606192538356e-05,3.174606659691138e-05,3.174608314241987e-05,3.1746062867705064e-05,3.1746067674631385e-05,-3.961601495742798,7.62204122543335
nben,https://nben.dk/forretningsstrategier-for-baeredygtig-produktion-3-0 ,Danish,0.0002534857494567,0.0002534858717171,0.0002534857005198,0.9644348510368466,0.0002534857574677,0.0322698337440355,0.0002534859322422,0.0002534858315292,0.0002534858844552,0.0002534856985925,0.0002534856800411,0.0002534856987706,0.0002534859762516,0.0002534857030809,0.0002534857349931,5.810388565063477,2.6265780925750732
dst,https://www.dst.dk/da/Statistik/emner/geografi-miljoe-og-energi/groent-nationalregnskab/groen-oekonomi ,Danish,0.0003703708328535,0.0003703710180461,0.0003703707308551,0.994814807333978,0.000370370821024,0.0003703711943253,0.0003703712825605,0.0003703709661511,0.000370371040633,0.0003703707803939,0.0003703707333303,0.0003703707703525,0.0003703709261011,0.0003703707482995,0.0003703708210953,8.668717384338379,0.3450396955013275
dac,https://dac.dk/wp-content/uploads/2017/10/Hvad-er-bredygtighed.pdf https://dac.dk/wp-content/uploads/2017/10/Hvad-er-bredygtighed.pdf ,Danish,0.0,0.0,0.0,0.0,0.0,0.0,0.0,0.0,0.0,0.0,0.0,0.0,0.0,0.0,0.0,4.3541364669799805,7.523910999298096
djoef,https://www.djoef.dk/r-aa-dgivning/jobsoegning/n-ae-ste-skridt-i-karrieren/gr-oe-n-energi.aspx https://www.djoef.dk/kurser-og-arrangementer/temp/webcast/success-med-b-ae-redygtighed-og-forretning.aspx https://www.djoef.dk/r-aa-dgivning/jobsoegning/n-ae-ste-skridt-i-karrieren/gr-oe-n-energi.aspx ,Danish,0.0002298853287962,0.0002298853779182,0.0002298852744179,0.9967816048985236,0.0002298853098784,0.0002298855179716,0.0002298855900894,0.0002298854172627,0.0002298854570149,0.0002298852926824,0.0002298852629102,0.0002298852996375,0.0002298854069327,0.000229885256301,0.0002298853096621,8.23017692565918,-2.7309072017669678
ehnj,https://ehnj.dk/cirkulaer_oekonomi ,Danish,0.0002150540295874,0.0002150541848295,0.0002150539772709,0.996989243217019,0.0002150540093761,0.0002150541387635,0.0002150541551351,0.0002150540802768,0.0002150542121739,0.0002150539846548,0.0002150539785853,0.0002150539978624,0.0002150540499013,0.0002150539747634,0.0002150540097999,8.016068458557129,-3.0078811645507812
kronospan-dk,https://kronospan-dk.dk/baeredygtighed ,Danish,0.000372439875368,0.0575759849809545,0.0003724398407377,0.9375822956338514,0.0003724398827902,0.0003724402078734,0.000372440181933,0.0003724400633429,0.0003724401376437,0.0003724398346896,0.0003724398149555,0.0003724398741861,0.0003724399754559,0.00037243981316,0.0003724398830573,7.992198467254639,1.9042577743530273
erhvervshusmidtjylland,https://erhvervshusmidtjylland.dk/groen-omstilling ,Danish,0.0001328022759094,0.0001328023422938,0.0001328022463507,0.9981407679361473,0.0001328022690922,0.0001328023576565,0.0001328023542561,0.0001328023146714,0.0001328023521399,0.0001328022452809,0.0001328022440087,0.0001328022569445,0.0001328022963666,0.0001328022473035,0.000132802261578,1.17460298538208,2.796786069869995
dlg,https://www.dlg.dk/b%C3%A6redygtighed ,Danish,0.0001543211591496,0.0001543211972503,0.0001543211189368,0.997839503470506,0.000154321155515,0.000154321290675,0.0001543212890803,0.0001543212196351,0.0001543212715132,0.000154321128145,0.0001543211229183,0.0001543211379024,0.000154321161114,0.000154321121656,0.0001543211560022,3.124724864959717,0.9362257122993469
seges,https://www.seges.dk/da-dk/innovation-og-udvikling/baeredygtighed ,Danish,0.000888889752799,0.0008888901475283,0.0008888896102133,0.9875555392243066,0.0008888899362274,0.0008888907560544,0.0008888914828169,0.0008888901614936,0.0008888904717533,0.0008888897029127,0.0008888896370932,0.0008888897149755,0.0008888900553298,0.0008888895438059,0.0008888898026891,9.89069938659668,5.134354114532471
merk-innovation,https://merk-innovation.dk/ ,Danish,8.8417466744806e-05,8.841745743109478e-05,8.841742052522962e-05,0.9987621555298616,8.841743684656844e-05,8.841751370489383e-05,8.841756066153344e-05,8.841746970004937e-05,8.84175045017306e-05,8.841742500764654e-05,8.841742086761439e-05,8.841745782373218e-05,8.841747936559806e-05,8.841742150138012e-05,8.841743545656086e-05,-2.588042974472046,5.7919158935546875
ehhs,https://ehhs.dk/ydelser-forlob-groen-vaekst ,Danish,0.0001539647775294,0.0001539648133813,0.0001539647337461,0.9978444919817022,0.0001539647649112,0.0001539648812763,0.0001539648437422,0.0001539648078979,0.0001539658000356,0.0001539647428297,0.0001539647355929,0.0001539647444278,0.0001539648744916,0.0001539647392545,0.0001539647591806,3.022808790206909,1.0471569299697876
gate21,https://www.gate21.dk/baeredygtig-bundlinje-2/ https://www.gate21.dk/baeredygtig-bundlinje-2/ ,Danish,0.0001227748623526,0.0001227748813907,0.0001227748372661,0.9982811517858212,0.0001227748598662,0.0001227749340088,0.000122774914102,0.0001227748918633,0.0001227749098526,0.0001227748366827,0.0001227748317023,0.0001227748428345,0.0001227749175541,0.0001227748437757,0.0001227748509268,0.6583021879196167,3.1150245666503906
bygningsreglementet,https://historisk.bygningsreglementet.dk/file/554542/baeredygtigt_byggeri.pdf ,Danish,0.0,0.0,0.0,0.0,0.0,0.0,0.0,0.0,0.0,0.0,0.0,0.0,0.0,0.0,0.0,4.299320220947266,7.575325012207031
quorn,https://www.quorn.dk/selskab/baeredygtighed ,Danish,0.0006600666307,0.0006600669735879,0.000660066519997,0.9907590660503348,0.0006600665915306,0.0006600669006914,0.0006600670175977,0.0006600668852219,0.0006600670601134,0.0006600665682669,0.0006600664966627,0.0006600666069899,0.0006600666038925,0.0006600664608308,0.0006600666335819,9.104979515075684,3.179591178894043
disie,https://disie.dk/da/ ,Danish,0.0008771938607975,0.0008771942304569,0.0008771937105607,0.9877192827755736,0.0008771939186369,0.0008771943640764,0.0008771949749754,0.0008771942412302,0.0008771944302017,0.0008771937457549,0.0008771936823416,0.000877193822764,0.0008771946501254,0.0008771937234026,0.0008771938691011,9.839761734008789,5.078970432281494
baeredygtigesynergier,https://www.baeredygtigesynergier.dk/ ,Danish,0.0005952388400296,0.0005952390485972,0.0005952387172303,0.921561665571944,0.0005952388630508,0.0707002281852798,0.0005952393605768,0.0005952390398983,0.0005952391498781,0.0005952387312083,0.0005952386791375,0.0005952387444327,0.0005952394860217,0.0005952387619127,0.0005952388208018,5.494690895080566,2.552077054977417
innovationsfonden,https://innovationsfonden.dk/da/programmer/grand-solutions/gron-vaekst ,Danish,7.993616694299526e-05,7.993618878475874e-05,7.993613534072526e-05,0.998880893331072,7.993615347090684e-05,7.99362249482814e-05,7.993636269805741e-05,7.993618604135104e-05,7.993619596907834e-05,7.99361423941084e-05,7.993613533609308e-05,7.993614219427269e-05,7.993635034285846e-05,7.993613659964918e-05,7.993614786488867e-05,-2.8634209632873535,6.29457426071167
xn--bredygtigtbyggeri-rrb,https://www.xn--bredygtigtbyggeri-rrb.dk/oekonomi-og-baeredygtighed ,Danish,0.0004901966802358,0.0004901969231668,0.0004901965273342,0.993137245935246,0.0004901965995004,0.0004901969713378,0.0004901970349226,0.0004901968188717,0.000490196901668,0.0004901965430646,0.0004901965361277,0.0004901965813424,0.0004901967434239,0.0004901965751123,0.0004901966286452,8.54751968383789,2.346071481704712
systime,https://miljoepolitik.systime.dk/index.php?id=492 ,Danish,0.0001629993871392,0.0001629994508951,0.0001629993484811,0.9977180080944906,0.0001629993826686,0.0001629995635815,0.0001629995781451,0.0001629994617329,0.0001629994857782,0.0001629993681193,0.0001629993508044,0.0001629993630641,0.0001629994206558,0.0001629993568643,0.0001629993875789,3.296082019805908,0.5795578360557556
kunst,https://www.kunst.dk/kunst-og-baeredygtighed ,Danish,0.0005050510551616,0.0005050512604062,0.0005050508827606,0.9929292842508814,0.0005050509901465,0.0005050514740298,0.0005050516780471,0.0005050512300084,0.0005050513605529,0.0005050509086988,0.0005050508927864,0.0005050509275493,0.0005050512563339,0.0005050508708717,0.0005050509617645,8.680536270141602,2.480916976928711
ltk,https://baeredygtighed.ltk.dk/ ,Danish,0.0013605456090982,0.0013605467772263,0.0013605451297179,0.3407557783251625,0.0013605454140668,0.6415571259937909,0.0013605473552591,0.0013605461319315,0.0013605465624471,0.0013605452616638,0.0013605450649972,0.0013605452825793,0.0013605465070328,0.0013605451523375,0.0013605454326885,5.231198787689209,1.8105655908584595
hedeselskabet,https://www.hedeselskabet.dk/groen-innovation ,Danish,0.000360360859189,0.0003603609932739,0.0003603606904088,0.9949549443699092,0.0003603608120458,0.0003603610543026,0.0003603646725019,0.0003603609295537,0.0003603609879329,0.000360360715677,0.0003603607153906,0.0003603608395166,0.0003603608859438,0.0003603607171011,0.0003603607572525,8.747512817382812,0.19334764778614044
leadagency,https://leadagency.dk/baeredygtighed/ ,Danish,0.0003546102384858,0.0003546103709721,0.0003546101736315,0.9950354538741942,0.0003546102533135,0.000354610477527,0.0003546104856452,0.0003546103960186,0.0003546124326129,0.0003546101886274,0.0003546101645318,0.0003546102155513,0.0003546103287887,0.0003546101734195,0.0003546102266798,8.743277549743652,0.10130708664655685
rm,https://www.rm.dk/om-os/organisation/baredygtighed/ ,Danish,0.0006116219565471,0.0006116217910867,0.0006116215985304,0.991437290294396,0.0006116216555575,0.0006116261025825,0.0006116224529922,0.000611621865462,0.0006116220405042,0.000611621549548,0.0006116215682097,0.0006116215645977,0.0006116223334677,0.000611621605316,0.0006116216212019,9.101202011108398,3.1563804149627686
taasinge,https://www.taasinge.dk/profil/baeredygtighed/ ,Danish,0.0001629995728663,0.0001629999751989,0.0001629993544381,0.9977180075247924,0.0001629993765712,0.0001629995265843,0.0001629994728753,0.0001629994543576,0.0001629994851236,0.0001629993646096,0.0001629993589691,0.0001629993763171,0.0001629994179761,0.0001629993597857,0.0001629993795345,3.326338768005371,0.5838907361030579
visitdenmark,https://www.visitdenmark.dk/corporate/videncenter/baeredygtighed ,Danish,0.0007246387555646,0.0007246388516886,0.000724638704915,0.9898550559239712,0.000724638764466,0.0007246394015198,0.0007246396295204,0.0007246389268821,0.0007246391458,0.0007246385916348,0.0007246385114032,0.0007246385589376,0.0007246388382331,0.0007246386466888,0.0007246387487741,9.239522933959961,3.4224982261657715
baeredygtig-business,https://baeredygtig-business.dk/episoder-af-baeredygtig-business/ ,Danish,2.3253136007726605e-05,2.3253148984917908e-05,2.325313110846136e-05,0.9996744559967948,2.3253135487690704e-05,2.3253152966538595e-05,2.325319183939868e-05,2.325314523140788e-05,2.3253150961669e-05,2.3253132182017918e-05,2.3253130974750867e-05,2.3253134702871537e-05,2.3253146826077683e-05,2.325313088294982e-05,2.3253135049028996e-05,-4.2539896965026855,7.859116077423096
bosch-home,https://www.bosch-home.dk/oplev-bosch/baeredygtig-produktion ,Danish,0.0002398084220394,0.0002398085596214,0.000239808345647,0.996642681201394,0.0002398084021927,0.0002398086093752,0.0002398089020895,0.0002398085155693,0.0002398085704668,0.0002398083726441,0.0002398083432116,0.0002398083812461,0.0002398086189085,0.0002398083559847,0.000239808399609,8.379587173461914,-2.4313485622406006
dge,https://www.dge.dk/raadgivning/klima-og-baeredygtighed/baeredygtig-forretningsudvikling/ ,Danish,0.0003300334046312,0.0003300334766981,0.0003300333107973,0.9953795318900313,0.0003300333914632,0.0003300335689708,0.0003300336819296,0.0003300335035498,0.0003300336129886,0.0003300333228111,0.0003300333242831,0.0003300333523176,0.0003300334412147,0.0003300333424346,0.000330033375878,8.599393844604492,-0.41459473967552185
nike,https://www.nike.com/dk/baeredygtighed ,Danish,0.0,0.0,0.0,0.0,0.0,0.0,0.0,0.0,0.0,0.0,0.0,0.0,0.0,0.0,0.0,4.292212009429932,7.646152496337891
valsemollen,https://www.valsemollen.dk/baeredygtighed/ ,Danish,0.0002743486925851,0.0002743490598027,0.0002743486349751,0.9961591174117714,0.0002743486783261,0.0002743488874727,0.0002743489260009,0.0002743488192554,0.000274348883616,0.000274348644436,0.0002743486090088,0.0002743486706716,0.0002743487629898,0.000274348634572,0.0002743486845158,8.695880889892578,-1.3069976568222046
orkla,https://www.orkla.dk/baeredygtighed/ ,Danish,0.0003454234936835,0.0003454236346981,0.0003454234728548,0.9951640699146792,0.000345423522708,0.0003454237683211,0.0003454238143951,0.0003454236367114,0.00034542374538,0.0003454234725021,0.0003454234465994,0.0003454235127385,0.0003454235584344,0.0003454234627415,0.0003454235435519,8.704907417297363,-0.15035589039325714
energibyer,https://energibyer.dk/social-baeredygtighed/ ,Danish,0.0001568628982451,0.0001568629860292,0.0001568628644276,0.9978039188111488,0.0001568628987248,0.0001568630009792,0.0001568632379409,0.000156862973053,0.0001568630160171,0.000156862878234,0.0001568628674222,0.0001568628843988,0.0001568629165022,0.0001568628691286,0.0001568628977478,3.1780052185058594,0.8600022792816162
phonixtagmaterialer,https://www.phonixtagmaterialer.dk/b%C3%A6redygtighed ,Danish,0.0742575642758305,0.0005291013422855,0.0005291011289365,0.9188641168736938,0.0005291013430917,0.0005291029056128,0.0005291017278918,0.000529101363464,0.0005291015399431,0.0005291011074292,0.0005291011521645,0.000529101126442,0.0005291017123871,0.0005291011567353,0.0005291012440916,9.499805450439453,5.540947437286377
iba,https://www.iba.dk/efteruddannelser/ledelse/baeredygtig-innovationsledelse ,Danish,0.0001325382725256,0.000132538323765,0.0001325382317249,0.9981444639499192,0.0001325382558869,0.0001325383846174,0.0001325383810257,0.0001325383038963,0.0001325383451303,0.000132538231262,0.0001325382275557,0.0001325382448685,0.0001325383673929,0.0001325382312961,0.0001325382491326,1.175046682357788,2.800489664077759
bmbyggeindustri,https://bmbyggeindustri.dk/baeredygtighed/ https://bmbyggeindustri.dk/baeredygtighed/ ,Danish,0.0001471671920421,0.0001471672641955,0.0001471671375537,0.9979396591217988,0.0001471671702742,0.0001471672778074,0.000147167347606,0.0001471672412726,0.0001471672745636,0.0001471671562049,0.0001471671433446,0.0001471671607433,0.0001471671919369,0.0001471671450961,0.0001471671755597,2.0475974082946777,2.0902533531188965
alfix,https://www.alfix.com/da/baeredygtighed ,Danish,0.0001754388183777,0.0001754389617497,0.0001754387994177,0.9975438558444042,0.000175438830184,0.0001754389584519,0.0001754389824207,0.0001754388804253,0.000175438919201,0.0001754388037318,0.0001754387869636,0.0001754388461251,0.0001754389517548,0.0001754387918349,0.0001754388249568,3.381511688232422,0.6235413551330566
jyndbjerg,https://jyndbjerg.dk/baeredygtig-produktion/ ,Danish,0.0001262627678244,0.0001262629298241,0.0001262627416371,0.9982323208142544,0.0001262627598733,0.0001262628279844,0.0001262629787067,0.0001262628166867,0.0001262628445009,0.0001262627458752,0.0001262627358264,0.0001262627562729,0.0001262627775974,0.000126262739155,0.0001262627639801,0.8277740478515625,3.007045269012451
teglklinker,https://www.teglklinker.dk/baeredygtighed/ ,Danish,0.0001386003219848,0.0001386004701997,0.0001386002857129,0.9980595952029832,0.0001386003045888,0.0001386004139119,0.0001386004502282,0.0001386003626786,0.0001386003881511,0.0001386002953947,0.0001386002810232,0.0001386002995244,0.0001386003343776,0.0001386002822429,0.0001386003069974,1.4736275672912598,2.5040643215179443
hplush,https://www.hplush.dk/baeredygtighed ,Danish,0.0004115232060468,0.0004115238502545,0.0004115232354111,0.9942386736550144,0.0004115231550479,0.0004115235218836,0.0004115234242579,0.000411523346674,0.0004115233909707,0.0004115231301118,0.0004115230779669,0.0004115231635084,0.0004115235611933,0.0004115231200809,0.0004115231615769,8.503124237060547,1.0993531942367554
bluetree,https://www.bluetree.dk/ ,Danish,0.0001598722979423,0.0001598723507633,0.0001598722680814,0.9977617873630032,0.0001598722996069,0.0001598724069755,0.0001598724124691,0.0001598723592486,0.0001598724007498,0.000159872274172,0.0001598722659584,0.0001598722849034,0.0001598724547135,0.0001598722677969,0.0001598722936148,3.202732563018799,0.5374786257743835
emu,https://emu.dk/sites/default/files/2019-03/B%C3%A6redygtighed%20i%20b%C3%B8rneh%C3%B8jde.pdf ,Danish,0.0,0.0,0.0,0.0,0.0,0.0,0.0,0.0,0.0,0.0,0.0,0.0,0.0,0.0,0.0,4.532689094543457,7.632489204406738
hth,https://www.hth.dk/om-hth/baeredygtighed/ ,Danish,0.0002688175099212,0.000268817689089,0.0002688174650799,0.9962365542431736,0.000268817503553,0.0002688176918487,0.0002688177660984,0.0002688176042932,0.0002688176503496,0.0002688174723847,0.0002688174398166,0.0002688174809293,0.0002688175319131,0.000268817451373,0.000268817500176,8.631606101989746,-1.3516687154769897
interflora,https://interflora.dk/baeredygtighed ,Danish,0.0001679263021122,0.0001679264057342,0.0001679262631255,0.9976490302323472,0.0001679263002162,0.000167927571368,0.0001679264504015,0.0001679263650699,0.000167926412106,0.0001679262652062,0.0001679262577552,0.0001679262805998,0.000167926337939,0.0001679262608877,0.0001679262951304,3.4502336978912354,0.7087535262107849
ku,https://om.ku.dk/profil/baeredygtighed/ ,Danish,0.001075270288044,0.0010752703347576,0.0010752701545923,0.9849462137659312,0.0010752702716325,0.0010752708187757,0.0010752711901227,0.0010752706099225,0.0010752708169471,0.0010752701698909,0.0010752701896093,0.0010752700887972,0.0010752709836149,0.0010752700498106,0.0010752702675506,10.259194374084473,5.589864253997803
med24,https://www.med24.dk/baeredygtighed ,Danish,0.0131038405021138,0.0002267578289599,0.000226757617395,0.9839483092572237,0.0002267576489402,0.0002267578018924,0.0002267578777037,0.0002267577461146,0.0002267577860169,0.000226757626895,0.0002267576393033,0.0002267576370672,0.0002267577459072,0.0002267576308646,0.0002267576536018,8.713932037353516,-0.8969486951828003
gsv,https://www.gsv.dk/baeredygtighed/ ,Danish,0.0001024066890715,0.0001024067252939,0.0001024066461432,0.9985663063630223,0.0001024066693286,0.0001024067745633,0.0001024067342739,0.0001024067067418,0.0001024067308942,0.0001024066535782,0.000102406647784,0.0001024066572316,0.0001024066792325,0.0001024066531071,0.0001024066697327,-2.0319323539733887,4.75771951675415
permatopia,https://www.permatopia.dk/ ,Danish,0.000469484453165,0.0004694842378628,0.0004694840577581,0.993427220108405,0.0004694841521841,0.0004694848091799,0.0004694846864578,0.0004694843273589,0.0004694844926424,0.0004694840910165,0.0004694840748225,0.0004694841218619,0.0004694842109654,0.0004694840655942,0.0004694841107247,8.477490425109863,2.073690176010132
danaeg,https://www.danaeg.dk/om-danaeg/baeredygtighed/ ,Danish,0.0003205131605382,0.0003205132695646,0.0003205131352687,0.995512814611831,0.0003205131673217,0.0003205134255408,0.000320513603393,0.0003205133160332,0.0003205133999024,0.0003205131238577,0.0003205131015579,0.0003205131384846,0.0003205132630247,0.0003205131049102,0.0003205131787704,8.644234657287598,-0.5579069256782532
spaencom,https://spaencom.dk/baeredygtighed/ ,Danish,9.523821857572214e-05,9.523828495687615e-05,9.523819661370128e-05,0.9986666639012132,9.523820635734664e-05,9.523918747378103e-05,9.52382893050038e-05,9.523824698272664e-05,9.523826709150002e-05,9.523818982386213e-05,9.523818499355636e-05,9.523819542137273e-05,9.523823895834608e-05,9.523818911993568e-05,9.523820311318748e-05,-2.4227182865142822,5.352189540863037
scankab,https://scankab.dk/om-os/baeredygtighed/ ,Danish,0.0004535154008511,0.0004535154400681,0.0004535150814022,0.993650785421766,0.0004535151773667,0.0004535154877394,0.0004535162761226,0.0004535153784702,0.0004535154901744,0.0004535150941148,0.0004535150815477,0.0004535151321608,0.0004535152872374,0.0004535150905962,0.0004535151603815,8.442403793334961,1.878077507019043
coor,https://www.coor.dk/baredygtighed/ ,Danish,0.00021164045982,0.0002116405197751,0.0002116403994074,0.9970370326249044,0.0002116404446552,0.0002116406671234,0.0002116412618698,0.0002116405279984,0.0002116405757892,0.0002116404011165,0.0002116403857322,0.0002116404114298,0.0002116404982281,0.00021164039386,0.0002116404282898,8.022469520568848,-3.068770170211792
orsted,https://orsted.dk/baeredygtighed ,Danish,0.0055555651530772,0.0055555640498774,0.0055555635328536,0.9222220852724606,0.0055555638793519,0.0055555641059383,0.0055555797168279,0.0055555658088398,0.0055555669776806,0.0055555625461351,0.0055555630829628,0.0055555641435044,0.0055555632230595,0.0055555644152885,0.0055555640921416,10.908249855041504,6.438116073608398
timbernest,https://timbernest.dk/baeredygtig-produktion ,Danish,0.0002688174812618,0.0002688191240434,0.0002688174571634,0.9962365530088734,0.0002688174896102,0.0002688176347613,0.0002688176530297,0.000268817607957,0.0002688176589825,0.00026881745159,0.0002688174480504,0.0002688174963685,0.000268817549667,0.0002688174415775,0.0002688174970635,8.766364097595215,-1.463260293006897
okologi,https://okologi.dk/viden-om-oekologi/baeredygtighed/ ,Danish,0.000399202067521,0.0003992022091566,0.0003992020448447,0.9944111694308058,0.0003992021099302,0.0003992023679381,0.0003992027531599,0.0003992022530055,0.0003992023331211,0.0003992020674973,0.0003992020132732,0.0003992020383115,0.0003992021253594,0.0003992020210761,0.0003992021649987,8.527226448059082,0.8585062026977539
rockwool,https://www.rockwool.dk/vaerd-at-vide/baeredygtighed/indbygget-baredygtighed/ ,Danish,0.0013888903404412,0.0013888910353557,0.0013888898383738,0.9805555332532436,0.0013888901376261,0.0013888914852667,0.0013888916624393,0.0013888908140038,0.0013888910875253,0.0013888900088885,0.0013888897927107,0.0013888900357506,0.00138889040919,0.0013888899344043,0.0013888901647794,10.623125076293945,5.87283182144165
stark,https://www.stark.dk/Baeredygtighed ,Danish,0.0047619089559741,0.9333332502150866,0.0047619095769363,0.0047619167577428,0.0047619099718864,0.0047619103980924,0.0047619164237623,0.004761910534762,0.0047619111605659,0.0047619104126241,0.0047619089589799,0.0047619096203255,0.0047619090140547,0.0047619086774925,0.0047619093217137,5.793136119842529,4.558940410614014
ncc,https://www.ncc.dk/baredygtighed/ ,Danish,0.0010101020201808,0.0010101025572489,0.0010101017812616,0.9858585676953922,0.0010101020616647,0.0010101027066663,0.0010101045616539,0.0010101024513651,0.0010101026747315,0.0010101018835653,0.0010101018256509,0.0010101019293776,0.0010101020190112,0.0010101017900145,0.0010101020422149,10.12411117553711,5.404494762420654
jakobsenhuse,https://jakobsenhuse.dk/baeredygtigt-typehus/ ,Danish,0.0001629994277096,0.000162999447737,0.000162999344009,0.997718008287826,0.0001629993624014,0.0001629995721649,0.0001629995160164,0.0001629994361876,0.0001629994674251,0.0001629993438547,0.0001629993294119,0.0001629993545826,0.0001629993966958,0.0001629993465477,0.0001629993674298,3.424736738204956,0.5652266144752502
sas,https://www.sas.dk/baredygtighed/ ,Danish,0.0009009018649716,0.0009009029562921,0.0009009016629916,0.9873873706877212,0.0009009017685181,0.0009009025228222,0.000900902444178,0.0009009024402807,0.0009009025046208,0.0009009017449561,0.0009009016726218,0.0009009017558302,0.0009009024121304,0.0009009016708704,0.0009009018911944,9.810577392578125,5.0574421882629395
jackon,https://www.jackon.dk/baeredygtighed/ ,Danish,0.0002214841867783,0.2196720169481974,0.0002214841369594,0.7774486883344531,0.0002214841674615,0.0002214843487598,0.0002214843506528,0.0002214842870846,0.0002214843242093,0.0002214841360429,0.0002214841207004,0.0002214841620628,0.0002214841935305,0.0002214841343726,0.0002214841687338,5.75804328918457,4.262106418609619
hojskolerne,https://www.hojskolerne.dk/om-hoejskole/baeredygtighed/ ,Danish,0.0017543876521514,0.0017543879959904,0.0017543872863479,0.9754385700717166,0.0017543876962395,0.0017543885484919,0.0017543886618756,0.0017543883132957,0.001754388954317,0.0017543872692212,0.0017543872276801,0.0017543874111853,0.0017543880522835,0.0017543872437255,0.0017543876154776,10.670586585998535,5.91965389251709
baeredygtigtlandbrug,https://baeredygtigtlandbrug.dk/2015/04/en-baeredygtig-definition/ ,Danish,0.0001380264178748,0.00013802648253,0.0001380263734818,0.9980676299651337,0.0001380263998819,0.0001380264944864,0.0001380266077343,0.0001380264550903,0.0001380264853973,0.0001380263840967,0.0001380263730025,0.0001380263832034,0.0001380264066433,0.0001380263701963,0.0001380264012466,1.4574000835418701,2.5602376461029053
nordeainvestmagasinet,https://nordeainvestmagasinet.dk/baeredygtighed ,Danish,0.0013071910955732,0.0013071923389123,0.0013071909497973,0.9816993210627958,0.0013071911954692,0.0013071919200817,0.0013071921978938,0.0013071916036413,0.0013071918043829,0.0013071909807296,0.0013071909335215,0.001307190963014,0.0013071910790468,0.0013071908242608,0.0013071910508791,10.489994049072266,5.743391513824463
if,https://www.if.dk/om-if/baeredygtighed ,Danish,0.0007017553133184,0.0007017556366034,0.0007017552113278,0.9901754218067362,0.0007017553893228,0.0007017570025115,0.0007017555456473,0.0007017555902953,0.0007017558297444,0.0007017551809191,0.0007017551500928,0.0007017555052486,0.0007017562803511,0.0007017552077826,0.0007017553500979,9.25896167755127,3.414029598236084
jyskebank,https://www.jyskebank.dk/ir/baeredygtighed ,Danish,0.0011111122151655,0.0011111125532336,0.0011111122292934,0.9844444236010492,0.0011111124648908,0.0011111131805203,0.0011111145246408,0.0011111127731856,0.0011111129445371,0.0011111122107994,0.0011111119518838,0.0011111122396621,0.0011111126576242,0.0011111121744788,0.0011111122790349,10.300253868103027,5.550248146057129
scandibyg,https://www.scandibyg.dk/baeredygtighed/ ,Danish,0.000900901899946,0.0009009035108797,0.0009009016890247,0.9873873681402684,0.0009009018413759,0.0009009023027549,0.000900905336147,0.0009009021749007,0.0009009025409192,0.000900901770553,0.0009009016230727,0.0009009017617973,0.0009009019412113,0.0009009016321986,0.0009009018349497,9.791586875915527,5.071080684661865
rockpanel,https://www.rockpanel.dk/om-os/vores-tankegang/baeredygtighed/ ,Danish,0.0009523819277713,0.000952383202335,0.0009523817506824,0.9866666498430356,0.0009523819566761,0.0009523824530694,0.0009523826046199,0.0009523824274824,0.0009523825197492,0.0009523818073764,0.0009523817714465,0.0009523819045672,0.0009523820675729,0.0009523817915516,0.0009523819720634,9.975879669189453,5.252111911773682
dansani,https://www.dansani.dk/om-dansani/vores-filosofi/baeredygtighed ,Danish,0.0005050510485202,0.0005050513250292,0.0005050509703799,0.9929292840522655,0.0005050510223915,0.000505051282171,0.0005050515347844,0.0005050512565202,0.000505051431133,0.0005050509790588,0.0005050509374847,0.0005050510167494,0.0005050511586875,0.0005050509465347,0.0005050510382889,8.62209701538086,2.424988269805908
dfs,https://www.dfs.dk/viden/baeredygtighed/ ,Danish,0.0001314926062097,0.0001314926136994,0.0001314925654569,0.9981591028600412,0.0001314925953842,0.0001314927299801,0.0001314931793713,0.0001314926493136,0.000131492688347,0.0001314925718466,0.0001314925650561,0.0001314925826927,0.0001314926406693,0.0001314925624096,0.0001314925895217,1.1504358053207397,2.8575074672698975
moelven,https://www.moelven.com/dk/miljo-og-baredygtighed/ ,Danish,0.0004761910863337,0.0004761912786626,0.0004761910448123,0.9933333227991276,0.000476191069184,0.000476192350158,0.0004761915003275,0.000476191266401,0.0004761913313614,0.0004761910000896,0.0004761910060485,0.000476191018502,0.0004761911517546,0.000476190992315,0.0004761911049216,8.537043571472168,2.1990966796875
atp-ejendomme,https://atp-ejendomme.dk/baeredygtighed/ ,Danish,0.0001267428970698,0.0001267429350931,0.0001267428538142,0.9982255993727251,0.0001267428744655,0.0001267429892526,0.0001267430122235,0.0001267429303343,0.0001267429483226,0.0001267428520898,0.0001267428442723,0.0001267428541972,0.0001267429192242,0.0001267428496661,0.000126742867249,0.9797952175140381,2.8910157680511475
globalcompact,https://globalcompact.dk/om-os/verdensmaalene/ https://viv.globalcompact.dk/ ,Danish,4.724786270336541e-05,4.724788375327476e-05,4.72478532554128e-05,0.0178003132819072,4.724786159188549e-05,4.7247893043312345e-05,0.9815854644279072,4.724788199818103e-05,4.7247898565217225e-05,4.7247853614461536e-05,4.7247849427325126e-05,4.724786305055025e-05,4.724787904536766e-05,4.724785078147851e-05,4.724785935574212e-05,6.800900459289551,7.52109956741333
byoghavn,https://byoghavn.dk/baeredygtig-byudvikling-2/ ,Danish,0.0003205131837566,0.0003205133713901,0.0003205131126581,0.9955128144772092,0.0003205131654308,0.0003205134773256,0.0003205134189904,0.0003205133247782,0.0003205134340489,0.0003205131277973,0.0003205131085699,0.0003205131592445,0.0003205133307201,0.0003205131228482,0.0003205131852312,8.62231731414795,-0.572353720664978
brandbjerg,https://brandbjerg.dk/baeredygtighed-4/ ,Danish,9.259271177270178e-05,9.259273691363323e-05,9.2592667959328e-05,0.9987037018105632,9.259268893683076e-05,9.25927476376695e-05,9.259306189680485e-05,9.259272504773108e-05,9.25927520695712e-05,9.259267434951064e-05,9.259267097950051e-05,9.259267666549028e-05,9.259271858674036e-05,9.259266872857968e-05,9.25926878925008e-05,-2.4924845695495605,5.468547344207764
klspureprint,https://klspureprint.dk/baeredygtighed/ ,Danish,2.157499519731329e-05,0.4709476121281531,2.157499143272644e-05,0.5287719128800822,2.157499427879349e-05,2.157501536360952e-05,2.1575016490188e-05,2.1575005544987662e-05,2.1575011126376292e-05,2.157499110506768e-05,2.157498912200245e-05,2.1574994041330752e-05,2.157500404805124e-05,2.157498967648709e-05,2.157499433772973e-05,5.690563201904297,4.659273624420166
mercantec,https://www.mercantec.dk/om-mercantec/baeredygtighed ,Danish,0.000220022252371,0.0002200222983157,0.0002200221822349,0.9969196874332704,0.0002200222426988,0.0002200224173898,0.000220023215809,0.0002200223217955,0.0002200224008687,0.000220022188461,0.0002200221779683,0.0002200221994365,0.0002200222670266,0.0002200221784148,0.0002200222239386,8.148048400878906,-3.0143821239471436
kost,https://kost.dk/baeredygtighed ,Danish,0.0015151532720921,0.0015151535031809,0.0015151528158576,0.44929968225628,0.0015151533337868,0.001515154556126,0.5310033230712813,0.0015151540372652,0.0015151543376638,0.0015151530529112,0.0015151529052902,0.0015151530452151,0.0015151535453353,0.001515152985588,0.0015151532821258,6.402796268463135,7.112206935882568
saint-gobain,https://www.saint-gobain.dk/baeredygtighed ,Danish,0.0002656045837079,0.0002656047887306,0.0002656045142402,0.996281535091617,0.0002656045521293,0.0002656047328954,0.0002656049462387,0.000265604665591,0.0002656047634389,0.0002656045376107,0.0002656045036254,0.0002656046503618,0.000265604601066,0.0002656045174257,0.0002656045513209,8.664471626281738,-1.5065362453460693
Blue Water Shipping,https://www.bws.net/media/8d86381e0afcbfc/global-environmental-policy.pdf ,Danish,0.0,0.0,0.0,0.0,0.0,0.0,0.0,0.0,0.0,0.0,0.0,0.0,0.0,0.0,0.0,4.372371196746826,7.638139724731445
Greenlandic Ice Cap Water,https://www.greenlandicecapwater.dk/home/sustainability.html ,Danish,0.0060606083561198,0.0060606085197711,0.0060606093980895,0.0060606086380219,0.006060608405052,0.0060606090935484,0.0060606076493114,0.0060606085078093,0.0060606079206448,0.0060606086450092,0.0060606087539772,0.0060606106286961,0.9151514782242622,0.0060606089253632,0.0060606083343233,4.534502983093262,6.945766925811768
Kingo Karlsen,https://kingo.biz/nyheder/2015/kingo-karlsen-skaerper-den-groenne-profil/ ,Danish,0.000222965698536,0.0002229658195742,0.0002229656333923,0.996878478314824,0.0002229656820604,0.0002229673255375,0.0002229658532653,0.0002229657762875,0.0002229658279496,0.000222965645877,0.0002229656494571,0.0002229656581803,0.00022296578296,0.0002229656383807,0.0002229656937175,8.091911315917969,-3.0804343223571777
Rambll,https://ramboll.com/sustainability ,Danish,0.0022222234132176,0.0022222236246309,0.0022222243453168,0.0022222239380308,0.0022222233424991,0.0022222242799977,0.0022222236870655,0.0022222236146205,0.0022222234483002,0.0022222233794531,0.0022222233747649,0.0022222280087324,0.9688888647205904,0.002222223404308,0.0022222234184713,4.5070648193359375,6.9671430587768555
Port of Aalborg,https://portofaalborg.com ,Danish,0.0066666720819297,0.0066666725524917,0.0066666847647789,0.006666676688436,0.0066666738350077,0.4114982403196787,0.0066666775513679,0.0066666732599555,0.0066666738288255,0.0066666729497669,0.0066666734728748,0.5018349789354467,0.0066666843884254,0.0066666727539778,0.0066666726170362,5.41434383392334,1.867175579071045
Aalborg Portland,https://www.aalborgportland.dk/baeredygtighed/ ,Danish,0.000159489863768,0.0001594898794602,0.0001594897938919,0.9349714671948566,0.0001594898325173,0.0629551647255625,0.0001594899703885,0.0001594898959166,0.0001594899240135,0.0001594898030332,0.0001594897956007,0.0001594898089573,0.000159489885821,0.0001594898017059,0.0001594898245061,5.564375400543213,2.56257700920105
MT Hjgaard,https://mth.dk/Viden/Baeredygtighed-og-VDC ,Danish,0.0019047639298357,0.0019047647744445,0.0019047634437825,0.9733333000778844,0.0019047638147343,0.0019047648879516,0.0019047674127236,0.0019047647904665,0.0019047650749885,0.001904763487713,0.001904763221497,0.0019047635557586,0.0019047642068989,0.0019047634431472,0.0019047638781728,10.727232933044434,5.949794769287109
Carlsberg,https://www.carlsberggroup.com/sustainability/our-plan/ ,Danish,0.0030303044004021,0.00303030480805,0.0030303073500184,0.003030305061401,0.0030303048274307,0.0030303050536609,0.0030303045803593,0.0030303049981849,0.003030304575395,0.0030303046271195,0.0030303044611579,0.003030309293015,0.9575757267136152,0.0030303045956337,0.0030303046545554,4.492494106292725,7.0222487449646
Desmi,https://www.desmi.com/about-desmi/ ,Danish,0.0047619068471143,0.0047619102300057,0.9333332702348808,0.0047619078180354,0.0047619072771587,0.0047619090733383,0.0047619075408606,0.004761907636549,0.0047619070330858,0.0047619071793524,0.0047619068214089,0.0047619152713,0.0047619230578725,0.0047619068934066,0.0047619070856304,4.605462074279785,7.7199625968933105
Niras,https://www.niras.com/sustainability/ ,Danish,0.002777778739017,0.0027777788667046,0.002777780786292,0.0027777792688641,0.00277777885195,0.0027777789838714,0.0027777793076335,0.0027777788786325,0.0027777789023349,0.0027777789418206,0.002777778853415,0.9611110862507258,0.0027777857328857,0.002777778804323,0.0027777788315293,4.216492176055908,7.188948631286621
Grnlands Rejsebureau,https://www.greenland-travel.dk/om-os/csr/ ,Danish,0.0001112967462018,0.0001112967879917,0.0001112967354609,0.9984418452421832,0.0001112967449849,0.0001112968162195,0.0001112968442653,0.0001112967757119,0.0001112968167509,0.0001112967290525,0.0001112967207885,0.0001112967335462,0.0001112968401988,0.0001112967224991,0.0001112967441446,-1.637069582939148,4.440170764923096
MOE A/S,https://www.moe.global/services/sustainability/ ,Danish,0.0666666666666666,0.0666666666666666,0.0666666666666666,0.0666666666666666,0.0666666666666666,0.0666666666666666,0.0666666666666666,0.0666666666666666,0.0666666666666666,0.0666666666666666,0.0666666666666666,0.0666666666666666,0.0666666666666666,0.0666666666666666,0.0666666666666666,10.990138053894043,6.226515769958496
csrkompasset,https://www.csrkompasset.dk/milj%C3%B8-0 https://www.csrkompasset.dk/milj%C3%B8-0 ,Danish,4.785839782774583e-05,4.785843278529013e-05,4.78583965844612e-05,0.9993299821469273,4.785839872826912e-05,4.785844886322486e-05,4.78585275347698e-05,4.785841584888133e-05,4.78584260364028e-05,4.785839245538014e-05,4.7858390037706575e-05,4.785839491036856e-05,4.785844398037395e-05,4.785839157579707e-05,4.78583959039064e-05,-3.6019394397735596,7.475800037384033
